,name,wandb-id,lr,beta1,beta2,epochs,numout,augment,dataname,lr_gamma,momentum,nesterov,savepath,eval_loss,optimname,batch_size,gcs_key_path,weight_decay,conv_channels,from_features,lr_epoch_list,lr_sched_type,classifiername,complexity_cmi,lr_drop_factor,log_predictions,train_noise_prob,l1_regularization,wandb_api_key_path,wandb_project_name,eval_arch,eval_type,eval_nl_bn,local_path,model_path,feature_path,eval_nl_depth,eval_nl_width,num_aug_samples,_runtime,Linear Train Loss,Train Acc,Noise clean Acc,Total clean Acc,_step,_timestamp,Linear Test Loss,Test Acc,Generalization Gap,Generalization Gap/(1 - Test),Total - Noise,(Total - Noise)/Clean Train,Rationality,Single Run Complexity,project-name,pretrain_method,supervised,type,model_name,Dirty Test
107,likely-durian-7,3rkjno4c,0.05,0.9,0.999,160,10.0,False,CIFAR10,-1,0.9,False,/n/coxfs01/ybansal/rep-gen/results,ce,momentum,128,/n/coxfs01/ybansal/settings/ML-theory-b1e9f085f023.json,0.0001,64.0,False,"[80, 120]",at_epoch,resnet18k_cifar,False,0.1,True,0.0,0,/n/coxfs01/ybansal/settings/wandb_api_key.txt,gen-sup-sss,-1.0,-1,-1,-1.0,-1.0,supervised,-1.0,-1.0,-1.0,9248.836539506912,0.00021525764402002096,100.0,-1.0,100.0,160,1602029419.0097823,0.6216089317798614,86.68,13.319999999999993,1.0,-1.0,-1.0,-1.0,-1.0,gen-sup-sss,supervised,supervised,resnet18k_cifarsupervisedsupervised,E2E (ResNet 18),86.68
75,dutiful-cherry-39,3108w9j9,0.1,0.9,0.999,160,10.0,False,CIFAR10,-1,0.9,False,/n/coxfs01/ybansal/rep-gen/results,ce,momentum,128,/n/coxfs01/ybansal/settings/ML-theory-b1e9f085f023.json,0.0005,64.0,False,"[60, 120, 160]",at_epoch,wideresnet_pic_myinit,False,0.2,True,0.0,0,/n/coxfs01/ybansal/settings/wandb_api_key.txt,gen-sup-sss,-1.0,-1,-1,-1.0,-1.0,supervised,-1.0,-1.0,-1.0,47924.47799348831,0.0013953011384606362,100.0,-1.0,100.0,150,1602089379.995928,0.3217991948604584,91.56,8.439999999999998,1.0,-1.0,-1.0,-1.0,-1.0,gen-sup-sss,supervised,supervised,wideresnet_pic_myinitsupervisedsupervised,E2E (Wide ResNet),91.56
94,firm-eon-20,z7km3zom,0.05,0.9,0.999,160,10.0,False,CIFAR10,-1,0.9,False,/n/coxfs01/ybansal/rep-gen/results,ce,momentum,128,/n/coxfs01/ybansal/settings/ML-theory-b1e9f085f023.json,0.0001,64.0,False,"[80, 120]",at_epoch,mCNN_k_bn_cifar10,False,0.1,True,0.0,0,/n/coxfs01/ybansal/settings/wandb_api_key.txt,gen-sup-sss,-1.0,-1,-1,-1.0,-1.0,supervised,-1.0,-1.0,-1.0,5238.104592323303,0.0005421064785867929,100.0,-1.0,100.0,160,1602035562.7755256,0.4885998619556427,85.7,14.299999999999997,1.0,-1.0,-1.0,-1.0,-1.0,gen-sup-sss,supervised,supervised,mCNN_k_bn_cifar10supervisedsupervised,E2E (mCNN),85.7
57,jolly-water-58,3iw16t12,0.0002,0.8,0.999,500,-1.0,-1,CIFAR10,-1,-1.0,False,/n/coxfs01/ybansal/rep-gen/results,ce,adam,512,/n/coxfs01/ybansal/settings/ML-theory-b1e9f085f023.json,0.0,-1.0,True,0,const,-1,False,-1.0,True,0.0,0,/n/coxfs01/ybansal/settings/wandb_api_key.txt,gen-sup-sss,-1.0,linear,False,-1.0,-1.0,/n/coxfs01/ybansal/rep-gen/results/plb_cifar10/amdim/amdim_encoder/plb-cifar-archs_3cvk9daf/amdim_ind_-3,-1.0,-1.0,-1.0,2138.9645295143127,0.146026726770401,95.332,-1.0,95.332,500,1602118622.5440035,0.5257734176635742,86.48,8.85199999999999,0.6547337278106503,-1.0,-1.0,-1.0,-1.0,gen-sup-sss,amdim/amdim_encoder/3cvk9daf/amdim_ind_-3,SSS,-1amdim/amdim_encoder/3cvk9daf/amdim_ind_-3SSS,SSS (AMDIM),86.48
56,apricot-firebrand-60,jtpv0ee9,0.0002,0.8,0.999,500,-1.0,-1,CIFAR10,-1,-1.0,False,/n/coxfs01/ybansal/rep-gen/results,ce,adam,512,/n/coxfs01/ybansal/settings/ML-theory-b1e9f085f023.json,0.0,-1.0,True,0,const,-1,False,-1.0,True,0.0,0,/n/coxfs01/ybansal/settings/wandb_api_key.txt,gen-sup-sss,-1.0,linear,False,-1.0,-1.0,/n/coxfs01/ybansal/rep-gen/results/plb_cifar10/mocov2/resnet50/plb-cifar-archs_2nvuati6/,-1.0,-1.0,-1.0,2494.5959470272064,0.6664014663124085,76.494,-1.0,76.494,500,1602118978.175491,0.8603156923294067,70.74000000000001,5.753999999999991,0.19665071770334902,-1.0,-1.0,-1.0,-1.0,gen-sup-sss,mocov2/resnet50/2nvuati6/,SSS,-1mocov2/resnet50/2nvuati6/SSS,SSS (Moco/ResNet50),70.74000000000001
58,light-universe-58,19saj6dh,0.0002,0.8,0.999,500,-1.0,-1,CIFAR10,-1,-1.0,False,/n/coxfs01/ybansal/rep-gen/results,ce,adam,512,/n/coxfs01/ybansal/settings/ML-theory-b1e9f085f023.json,0.0,-1.0,True,0,const,-1,False,-1.0,True,0.0,0,/n/coxfs01/ybansal/settings/wandb_api_key.txt,gen-sup-sss,-1.0,linear,False,-1.0,-1.0,/n/coxfs01/ybansal/pretrain-rep/CIFAR-10/simclr-archs-pretraining/resnet50_234rl8rq,-1.0,-1.0,-1.0,2428.4365935325623,0.10916012073516844,96.418,-1.0,96.418,500,1602118912.016107,0.2247166152715683,92.15,4.268000000000001,0.5436942675159241,-1.0,-1.0,-1.0,-1.0,gen-sup-sss,CIFAR-10/simclr-archs-pretraining/resnet50_234rl8rq,SSS,-1CIFAR-10/simclr-archs-pretraining/resnet50_234rl8rqSSS,SSS (SIMCLR/ResNet50),92.15
113,sage-night-1,gy2sxgkw,0.05,0.9,0.999,160,10.0,False,CIFAR10,-1,0.9,False,/n/coxfs01/ybansal/rep-gen/results,ce,momentum,128,/n/coxfs01/ybansal/settings/ML-theory-b1e9f085f023.json,0.0001,64.0,False,"[80, 120]",at_epoch,resnet18k_cifar,False,0.1,True,0.05,0,/n/coxfs01/ybansal/settings/wandb_api_key.txt,gen-sup-sss,-1.0,-1,-1,-1.0,-1.0,supervised,-1.0,-1.0,-1.0,9726.30755662918,0.00019897975785657763,100.0,0.0,94.944,160,1602029873.431742,0.862143798828125,82.87,17.129999999999995,0.7048453006421483,94.944,1.0,82.87,-1.0,gen-sup-sss,supervised,supervised,resnet18k_cifarsupervisedsupervised,E2E (ResNet 18),78.82166666666667
74,eager-lion-40,3q1o1bie,0.1,0.9,0.999,160,10.0,False,CIFAR10,-1,0.9,False,/n/coxfs01/ybansal/rep-gen/results,ce,momentum,128,/n/coxfs01/ybansal/settings/ML-theory-b1e9f085f023.json,0.0005,64.0,False,"[60, 120, 160]",at_epoch,wideresnet_pic_myinit,False,0.2,True,0.05,0,/n/coxfs01/ybansal/settings/wandb_api_key.txt,gen-sup-sss,-1.0,-1,-1,-1.0,-1.0,supervised,-1.0,-1.0,-1.0,47727.105612277985,0.0012936889205127954,100.0,0.0,94.998,145,1602089963.9112723,0.5096720855712891,86.00999999999999,13.990000000000009,0.6424588992137247,94.998,1.0,86.00999999999999,-1.0,gen-sup-sss,supervised,supervised,wideresnet_pic_myinitsupervisedsupervised,E2E (Wide ResNet),81.78722222222221
93,genial-puddle-21,18vn7xj1,0.05,0.9,0.999,160,10.0,False,CIFAR10,-1,0.9,False,/n/coxfs01/ybansal/rep-gen/results,ce,momentum,128,/n/coxfs01/ybansal/settings/ML-theory-b1e9f085f023.json,0.0001,64.0,False,"[80, 120]",at_epoch,mCNN_k_bn_cifar10,False,0.1,True,0.05,0,/n/coxfs01/ybansal/settings/wandb_api_key.txt,gen-sup-sss,-1.0,-1,-1,-1.0,-1.0,supervised,-1.0,-1.0,-1.0,5613.986873865128,0.0006536213336884976,100.0,0.0,95.034,160,1602036035.9626389,0.6336869775772095,82.04,17.959999999999994,0.723496659242762,95.034,1.0,82.04,-1.0,gen-sup-sss,supervised,supervised,mCNN_k_bn_cifar10supervisedsupervised,E2E (mCNN),78.03777777777778
52,wild-water-64,xr0zehza,0.0002,0.8,0.999,500,-1.0,-1,CIFAR10,-1,-1.0,False,/n/coxfs01/ybansal/rep-gen/results,ce,adam,512,/n/coxfs01/ybansal/settings/ML-theory-b1e9f085f023.json,0.0,-1.0,True,0,const,-1,False,-1.0,True,0.05,0,/n/coxfs01/ybansal/settings/wandb_api_key.txt,gen-sup-sss,-1.0,linear,False,-1.0,-1.0,/n/coxfs01/ybansal/rep-gen/results/plb_cifar10/amdim/amdim_encoder/plb-cifar-archs_3cvk9daf/amdim_ind_-3,-1.0,-1.0,-1.0,2754.820858001709,0.47601347252845766,87.976,86.29195309340881,92.036,500,1602119260.4598672,0.4322250693321228,85.83,2.146000000000001,0.43796753705010605,5.744046906591194,0.062410870817845125,-0.46195309340880897,0.5179177926999876,gen-sup-sss,amdim/amdim_encoder/3cvk9daf/amdim_ind_-3,SSS,-1amdim/amdim_encoder/3cvk9daf/amdim_ind_-3SSS,SSS (AMDIM),81.61722222222222
51,distinctive-snowball-65,1crh4j30,0.0002,0.8,0.999,500,-1.0,-1,CIFAR10,-1,-1.0,False,/n/coxfs01/ybansal/rep-gen/results,ce,adam,512,/n/coxfs01/ybansal/settings/ML-theory-b1e9f085f023.json,0.0,-1.0,True,0,const,-1,False,-1.0,True,0.05,0,/n/coxfs01/ybansal/settings/wandb_api_key.txt,gen-sup-sss,-1.0,linear,False,-1.0,-1.0,/n/coxfs01/ybansal/rep-gen/results/plb_cifar10/mocov2/resnet50/plb-cifar-archs_2nvuati6/,-1.0,-1.0,-1.0,3452.3287699222565,0.8808415636825562,72.424,69.98401278976819,75.68,500,1602119963.6080377,0.8784216561317444,70.45,1.9740000000000038,0.17698815566835888,5.69598721023182,0.07526410161511389,0.4659872102318161,0.4745438719838395,gen-sup-sss,mocov2/resnet50/2nvuati6/,SSS,-1mocov2/resnet50/2nvuati6/SSS,SSS (Moco/ResNet50),67.09166666666667
55,revived-shadow-61,2e2brijh,0.0002,0.8,0.999,500,-1.0,-1,CIFAR10,-1,-1.0,False,/n/coxfs01/ybansal/rep-gen/results,ce,adam,512,/n/coxfs01/ybansal/settings/ML-theory-b1e9f085f023.json,0.0,-1.0,True,0,const,-1,False,-1.0,True,0.05,0,/n/coxfs01/ybansal/settings/wandb_api_key.txt,gen-sup-sss,-1.0,linear,False,-1.0,-1.0,/n/coxfs01/ybansal/pretrain-rep/CIFAR-10/simclr-archs-pretraining/resnet50_234rl8rq,-1.0,-1.0,-1.0,3146.2203299999237,0.3810546407127381,90.636,93.54317998385795,95.228,500,1602119634.867749,0.28369714903831483,91.85,-1.2139999999999986,0.4144785276073617,1.6848200161420408,0.017692485572962165,-1.6931799838579593,0.492273714341024,gen-sup-sss,CIFAR-10/simclr-archs-pretraining/resnet50_234rl8rq,SSS,-1CIFAR-10/simclr-archs-pretraining/resnet50_234rl8rqSSS,SSS (SIMCLR/ResNet50),87.30277777777778
110,fluent-serenity-3,3kgtdlwv,0.05,0.9,0.999,160,10.0,False,CIFAR10,-1,0.9,False,/n/coxfs01/ybansal/rep-gen/results,ce,momentum,128,/n/coxfs01/ybansal/settings/ML-theory-b1e9f085f023.json,0.0001,64.0,False,"[80, 120]",at_epoch,resnet18k_cifar,False,0.1,True,0.1,0,/n/coxfs01/ybansal/settings/wandb_api_key.txt,gen-sup-sss,-1.0,-1,-1,-1.0,-1.0,supervised,-1.0,-1.0,-1.0,9671.899418115616,0.00019955013050232084,100.0,0.0,89.994,160,1602029837.5767114,1.024214726448059,79.58,20.42,0.5099902056807052,89.994,1.0,79.58,-1.0,gen-sup-sss,supervised,supervised,resnet18k_cifarsupervisedsupervised,E2E (ResNet 18),71.8488888888889
73,light-spaceship-41,2hkwcwmq,0.1,0.9,0.999,160,10.0,False,CIFAR10,-1,0.9,False,/n/coxfs01/ybansal/rep-gen/results,ce,momentum,128,/n/coxfs01/ybansal/settings/ML-theory-b1e9f085f023.json,0.0005,64.0,False,"[60, 120, 160]",at_epoch,wideresnet_pic_myinit,False,0.2,True,0.1,0,/n/coxfs01/ybansal/settings/wandb_api_key.txt,gen-sup-sss,-1.0,-1,-1,-1.0,-1.0,supervised,-1.0,-1.0,-1.0,47744.00588345528,0.00120654379054904,100.0,0.0,90.07,141,1602089989.6779246,0.6907117919921875,81.58,18.42,0.46091205211726355,90.07,1.0,81.58,-1.0,gen-sup-sss,supervised,supervised,wideresnet_pic_myinitsupervisedsupervised,E2E (Wide ResNet),73.62666666666667
92,dark-smoke-22,frdhvxch,0.05,0.9,0.999,160,10.0,False,CIFAR10,-1,0.9,False,/n/coxfs01/ybansal/rep-gen/results,ce,momentum,128,/n/coxfs01/ybansal/settings/ML-theory-b1e9f085f023.json,0.0001,64.0,False,"[80, 120]",at_epoch,mCNN_k_bn_cifar10,False,0.1,True,0.1,0,/n/coxfs01/ybansal/settings/wandb_api_key.txt,gen-sup-sss,-1.0,-1,-1,-1.0,-1.0,supervised,-1.0,-1.0,-1.0,5934.959102630615,0.0007745140690729023,100.0,0.0,90.03999999999999,160,1602036370.8283508,0.7489464692115784,79.49000000000001,20.50999999999999,0.5143832276938073,90.03999999999999,1.0,79.49000000000001,-1.0,gen-sup-sss,supervised,supervised,mCNN_k_bn_cifar10supervisedsupervised,E2E (mCNN),71.7688888888889
53,decent-dust-63,3dja4x6t,0.0002,0.8,0.999,500,-1.0,-1,CIFAR10,-1,-1.0,False,/n/coxfs01/ybansal/rep-gen/results,ce,adam,512,/n/coxfs01/ybansal/settings/ML-theory-b1e9f085f023.json,0.0,-1.0,True,0,const,-1,False,-1.0,True,0.1,0,/n/coxfs01/ybansal/settings/wandb_api_key.txt,gen-sup-sss,-1.0,linear,False,-1.0,-1.0,/n/coxfs01/ybansal/rep-gen/results/plb_cifar10/amdim/amdim_encoder/plb-cifar-archs_3cvk9daf/amdim_ind_-3,-1.0,-1.0,-1.0,2776.714659690857,0.712802957611084,82.472,85.51737914502597,90.726,500,1602119282.8942308,0.4757647834777832,86.04,-3.568000000000012,0.3356733524355297,5.208620854974029,0.05741045405918953,0.5226208549740363,0.24433462991089208,gen-sup-sss,amdim/amdim_encoder/3cvk9daf/amdim_ind_-3,SSS,-1amdim/amdim_encoder/3cvk9daf/amdim_ind_-3SSS,SSS (AMDIM),77.59111111111112
47,woven-meadow-66,io8zogjk,0.0002,0.8,0.999,500,-1.0,-1,CIFAR10,-1,-1.0,False,/n/coxfs01/ybansal/rep-gen/results,ce,adam,512,/n/coxfs01/ybansal/settings/ML-theory-b1e9f085f023.json,0.0,-1.0,True,0,const,-1,False,-1.0,True,0.1,0,/n/coxfs01/ybansal/settings/wandb_api_key.txt,gen-sup-sss,-1.0,linear,False,-1.0,-1.0,/n/coxfs01/ybansal/rep-gen/results/plb_cifar10/mocov2/resnet50/plb-cifar-archs_2nvuati6/,-1.0,-1.0,-1.0,3146.740237236023,1.0468340794754027,68.33,68.40551181102363,74.708,500,1602119672.8205545,0.9240242362976074,69.69,-1.3599999999999994,0.1655559221379083,6.302488188976369,0.08436162377491525,1.2844881889763684,0.2612557586954216,gen-sup-sss,mocov2/resnet50/2nvuati6/,SSS,-1mocov2/resnet50/2nvuati6/SSS,SSS (Moco/ResNet50),63.05777777777777
54,soft-paper-62,27meu02y,0.0002,0.8,0.999,500,-1.0,-1,CIFAR10,-1,-1.0,False,/n/coxfs01/ybansal/rep-gen/results,ce,adam,512,/n/coxfs01/ybansal/settings/ML-theory-b1e9f085f023.json,0.0,-1.0,True,0,const,-1,False,-1.0,True,0.1,0,/n/coxfs01/ybansal/settings/wandb_api_key.txt,gen-sup-sss,-1.0,linear,False,-1.0,-1.0,/n/coxfs01/ybansal/pretrain-rep/CIFAR-10/simclr-archs-pretraining/resnet50_234rl8rq,-1.0,-1.0,-1.0,3243.427618265152,0.6060870372581482,85.44800000000001,93.17548746518106,94.706,500,1602119738.8736694,0.3486660661697388,91.75,-6.3019999999999925,0.3583030303030307,1.5305125348189392,0.01616067128607416,-1.4254874651810638,0.233844512026022,gen-sup-sss,CIFAR-10/simclr-archs-pretraining/resnet50_234rl8rq,SSS,-1CIFAR-10/simclr-archs-pretraining/resnet50_234rl8rqSSS,SSS (SIMCLR/ResNet50),82.66666666666667
112,cerulean-breeze-2,35oq0lxj,0.05,0.9,0.999,160,10.0,False,CIFAR10,-1,0.9,False,/n/coxfs01/ybansal/rep-gen/results,ce,momentum,128,/n/coxfs01/ybansal/settings/ML-theory-b1e9f085f023.json,0.0001,64.0,False,"[80, 120]",at_epoch,resnet18k_cifar,False,0.1,True,0.15,0,/n/coxfs01/ybansal/settings/wandb_api_key.txt,gen-sup-sss,-1.0,-1,-1,-1.0,-1.0,supervised,-1.0,-1.0,-1.0,10237.006536960602,0.00023757688267156483,100.0,0.0,84.98599999999999,160,1602030386.2070985,1.1906054426193238,76.44,23.560000000000002,0.36273344651952427,84.98599999999999,1.0,76.44,-1.0,gen-sup-sss,supervised,supervised,resnet18k_cifarsupervisedsupervised,E2E (ResNet 18),65.36666666666667
72,serene-valley-42,1didp909,0.1,0.9,0.999,160,10.0,False,CIFAR10,-1,0.9,False,/n/coxfs01/ybansal/rep-gen/results,ce,momentum,128,/n/coxfs01/ybansal/settings/ML-theory-b1e9f085f023.json,0.0005,64.0,False,"[60, 120, 160]",at_epoch,wideresnet_pic_myinit,False,0.2,True,0.15,0,/n/coxfs01/ybansal/settings/wandb_api_key.txt,gen-sup-sss,-1.0,-1,-1,-1.0,-1.0,supervised,-1.0,-1.0,-1.0,47819.41265130043,0.0012115553110837935,99.998,0.0,84.85000000000001,135,1602090312.2435312,0.8526711985588074,77.01,22.988,0.3410178338408006,84.85000000000001,1.0,77.01,-1.0,gen-sup-sss,supervised,supervised,wideresnet_pic_myinitsupervisedsupervised,E2E (Wide ResNet),65.84166666666668
91,dauntless-dragon-23,yixklqni,0.05,0.9,0.999,160,10.0,False,CIFAR10,-1,0.9,False,/n/coxfs01/ybansal/rep-gen/results,ce,momentum,128,/n/coxfs01/ybansal/settings/ML-theory-b1e9f085f023.json,0.0001,64.0,False,"[80, 120]",at_epoch,mCNN_k_bn_cifar10,False,0.1,True,0.15,0,/n/coxfs01/ybansal/settings/wandb_api_key.txt,gen-sup-sss,-1.0,-1,-1,-1.0,-1.0,supervised,-1.0,-1.0,-1.0,5512.743661165237,0.0008533109050616621,100.0,0.0,85.07400000000001,160,1602036202.3662407,0.865077049446106,76.27000000000001,23.72999999999999,0.37100716392751815,85.07400000000001,1.0,76.27000000000001,-1.0,gen-sup-sss,supervised,supervised,mCNN_k_bn_cifar10supervisedsupervised,E2E (mCNN),65.22500000000001
49,proud-snow-69,2pqihtu4,0.0002,0.8,0.999,500,-1.0,-1,CIFAR10,-1,-1.0,False,/n/coxfs01/ybansal/rep-gen/results,ce,adam,512,/n/coxfs01/ybansal/settings/ML-theory-b1e9f085f023.json,0.0,-1.0,True,0,const,-1,False,-1.0,True,0.15,0,/n/coxfs01/ybansal/settings/wandb_api_key.txt,gen-sup-sss,-1.0,linear,False,-1.0,-1.0,/n/coxfs01/ybansal/rep-gen/results/plb_cifar10/amdim/amdim_encoder/plb-cifar-archs_3cvk9daf/amdim_ind_-3,-1.0,-1.0,-1.0,2808.7360031604767,0.8960369883918762,77.62599999999999,84.98786080388454,89.74600000000001,500,1602119334.8163657,0.5374187382698059,85.41,-7.784000000000006,0.2971898560657993,4.758139196115465,0.05301784142040274,0.42213919611545236,0.1516728818483545,gen-sup-sss,amdim/amdim_encoder/3cvk9daf/amdim_ind_-3,SSS,-1amdim/amdim_encoder/3cvk9daf/amdim_ind_-3SSS,SSS (AMDIM),72.84166666666667
48,graceful-wind-67,35ocac71,0.0002,0.8,0.999,500,-1.0,-1,CIFAR10,-1,-1.0,False,/n/coxfs01/ybansal/rep-gen/results,ce,adam,512,/n/coxfs01/ybansal/settings/ML-theory-b1e9f085f023.json,0.0,-1.0,True,0,const,-1,False,-1.0,True,0.15,0,/n/coxfs01/ybansal/settings/wandb_api_key.txt,gen-sup-sss,-1.0,linear,False,-1.0,-1.0,/n/coxfs01/ybansal/rep-gen/results/plb_cifar10/mocov2/resnet50/plb-cifar-archs_2nvuati6/,-1.0,-1.0,-1.0,3194.9219057559967,1.1937432275772095,64.386,69.0131491565945,74.124,500,1602119721.002289,0.9648562118530274,69.65,-5.26400000000001,0.1474135090609552,5.110850843405501,0.06895001407648672,0.6368508434055116,0.15793906393585516,gen-sup-sss,mocov2/resnet50/2nvuati6/,SSS,-1mocov2/resnet50/2nvuati6/SSS,SSS (Moco/ResNet50),59.708333333333336
50,fearless-feather-68,1sj9y8rt,0.0002,0.8,0.999,500,-1.0,-1,CIFAR10,-1,-1.0,False,/n/coxfs01/ybansal/rep-gen/results,ce,adam,512,/n/coxfs01/ybansal/settings/ML-theory-b1e9f085f023.json,0.0,-1.0,True,0,const,-1,False,-1.0,True,0.15,0,/n/coxfs01/ybansal/settings/wandb_api_key.txt,gen-sup-sss,-1.0,linear,False,-1.0,-1.0,/n/coxfs01/ybansal/pretrain-rep/CIFAR-10/simclr-archs-pretraining/resnet50_234rl8rq,-1.0,-1.0,-1.0,3182.5363717079163,0.7887852134895325,80.708,92.62592343854936,94.332,500,1602119708.6168134,0.4114396892547608,91.58,-10.872,0.32684085510688776,1.7060765614506295,0.01808587288990618,-1.0459234385493659,0.17722227136552934,gen-sup-sss,CIFAR-10/simclr-archs-pretraining/resnet50_234rl8rq,SSS,-1CIFAR-10/simclr-archs-pretraining/resnet50_234rl8rqSSS,SSS (SIMCLR/ResNet50),77.98333333333333
111,dry-valley-3,1vna5gmg,0.05,0.9,0.999,160,10.0,False,CIFAR10,-1,0.9,False,/n/coxfs01/ybansal/rep-gen/results,ce,momentum,128,/n/coxfs01/ybansal/settings/ML-theory-b1e9f085f023.json,0.0001,64.0,False,"[80, 120]",at_epoch,resnet18k_cifar,False,0.1,True,0.2,0,/n/coxfs01/ybansal/settings/wandb_api_key.txt,gen-sup-sss,-1.0,-1,-1,-1.0,-1.0,supervised,-1.0,-1.0,-1.0,10064.474905729294,0.00024651867910288275,100.0,0.0,79.714,160,1602030230.1523073,1.400941678237915,72.89,27.11,0.251715234230911,79.714,1.0,72.89,-1.0,gen-sup-sss,supervised,supervised,resnet18k_cifarsupervisedsupervised,E2E (ResNet 18),58.91444444444444
71,cosmic-bush-43,2yznocen,0.1,0.9,0.999,160,10.0,False,CIFAR10,-1,0.9,False,/n/coxfs01/ybansal/rep-gen/results,ce,momentum,128,/n/coxfs01/ybansal/settings/ML-theory-b1e9f085f023.json,0.0005,64.0,False,"[60, 120, 160]",at_epoch,wideresnet_pic_myinit,False,0.2,True,0.2,0,/n/coxfs01/ybansal/settings/wandb_api_key.txt,gen-sup-sss,-1.0,-1,-1,-1.0,-1.0,supervised,-1.0,-1.0,-1.0,29901.602328538895,0.0015035870994627475,100.0,0.0,80.22,160,1602072620.811442,0.9780250921249388,73.42,26.58,0.255831452219714,80.22,1.0,73.42,-1.0,gen-sup-sss,supervised,supervised,wideresnet_pic_myinitsupervisedsupervised,E2E (Wide ResNet),59.32666666666667
90,super-bird-25,26yjarbc,0.05,0.9,0.999,160,10.0,False,CIFAR10,-1,0.9,False,/n/coxfs01/ybansal/rep-gen/results,ce,momentum,128,/n/coxfs01/ybansal/settings/ML-theory-b1e9f085f023.json,0.0001,64.0,False,"[80, 120]",at_epoch,mCNN_k_bn_cifar10,False,0.1,True,0.2,0,/n/coxfs01/ybansal/settings/wandb_api_key.txt,gen-sup-sss,-1.0,-1,-1,-1.0,-1.0,supervised,-1.0,-1.0,-1.0,6262.361492395401,0.0008387361881509423,100.0,0.0,80.062,160,1602037002.2479024,1.0144100357055663,72.39,27.61,0.27787033683448015,80.062,1.0,72.39,-1.0,gen-sup-sss,supervised,supervised,mCNN_k_bn_cifar10supervisedsupervised,E2E (mCNN),58.525555555555556
45,zany-moon-71,3iiw7d2b,0.0002,0.8,0.999,500,-1.0,-1,CIFAR10,-1,-1.0,False,/n/coxfs01/ybansal/rep-gen/results,ce,adam,512,/n/coxfs01/ybansal/settings/ML-theory-b1e9f085f023.json,0.0,-1.0,True,0,const,-1,False,-1.0,True,0.2,0,/n/coxfs01/ybansal/settings/wandb_api_key.txt,gen-sup-sss,-1.0,linear,False,-1.0,-1.0,/n/coxfs01/ybansal/rep-gen/results/plb_cifar10/amdim/amdim_encoder/plb-cifar-archs_3cvk9daf/amdim_ind_-3,-1.0,-1.0,-1.0,2926.6742870807648,1.076687695274353,72.752,84.97952661539998,89.07000000000001,500,1602119466.3209984,0.6047847370147705,85.26,-12.50800000000001,0.258480325644505,4.090473384600031,0.04592425490737657,0.2804733846000289,0.12107061636234492,gen-sup-sss,amdim/amdim_encoder/3cvk9daf/amdim_ind_-3,SSS,-1amdim/amdim_encoder/3cvk9daf/amdim_ind_-3SSS,SSS (AMDIM),68.53555555555556
43,rosy-star-73,w6idhjru,0.0002,0.8,0.999,500,-1.0,-1,CIFAR10,-1,-1.0,False,/n/coxfs01/ybansal/rep-gen/results,ce,adam,512,/n/coxfs01/ybansal/settings/ML-theory-b1e9f085f023.json,0.0,-1.0,True,0,const,-1,False,-1.0,True,0.2,0,/n/coxfs01/ybansal/settings/wandb_api_key.txt,gen-sup-sss,-1.0,linear,False,-1.0,-1.0,/n/coxfs01/ybansal/rep-gen/results/plb_cifar10/mocov2/resnet50/plb-cifar-archs_2nvuati6/,-1.0,-1.0,-1.0,3620.542822122574,1.3135870567321777,60.773999999999994,67.82713085234093,73.316,500,1602120210.2393453,1.0111786766052246,69.13,-8.356000000000002,0.13560090702947866,5.488869147659074,0.0748659112289142,1.3028691476590666,0.12078446395865472,gen-sup-sss,mocov2/resnet50/2nvuati6/,SSS,-1mocov2/resnet50/2nvuati6/SSS,SSS (Moco/ResNet50),55.989999999999995
46,still-sponge-70,1yk82qir,0.0002,0.8,0.999,500,-1.0,-1,CIFAR10,-1,-1.0,False,/n/coxfs01/ybansal/rep-gen/results,ce,adam,512,/n/coxfs01/ybansal/settings/ML-theory-b1e9f085f023.json,0.0,-1.0,True,0,const,-1,False,-1.0,True,0.2,0,/n/coxfs01/ybansal/settings/wandb_api_key.txt,gen-sup-sss,-1.0,linear,False,-1.0,-1.0,/n/coxfs01/ybansal/pretrain-rep/CIFAR-10/simclr-archs-pretraining/resnet50_234rl8rq,-1.0,-1.0,-1.0,3177.441819667816,0.9465581835746764,76.166,92.76161306789176,94.112,500,1602119708.247437,0.4677959701061249,91.45,-15.284000000000006,0.31134502923976526,1.3503869321082362,0.01434872207697463,-1.3116130678917557,0.11645864412245592,gen-sup-sss,CIFAR-10/simclr-archs-pretraining/resnet50_234rl8rq,SSS,-1CIFAR-10/simclr-archs-pretraining/resnet50_234rl8rqSSS,SSS (SIMCLR/ResNet50),73.35000000000001
109,fiery-frost-5,2utmwc0b,0.05,0.9,0.999,160,10.0,False,CIFAR10,-1,0.9,False,/n/coxfs01/ybansal/rep-gen/results,ce,momentum,128,/n/coxfs01/ybansal/settings/ML-theory-b1e9f085f023.json,0.0001,64.0,False,"[80, 120]",at_epoch,resnet18k_cifar,False,0.1,True,0.25,0,/n/coxfs01/ybansal/settings/wandb_api_key.txt,gen-sup-sss,-1.0,-1,-1,-1.0,-1.0,supervised,-1.0,-1.0,-1.0,10229.616722106934,0.00024321044406853617,100.0,0.0,74.79599999999999,160,1602030401.3095958,1.643615754699707,68.78,31.22,0.1926969891095449,74.79599999999999,1.0,68.78,-1.0,gen-sup-sss,supervised,supervised,resnet18k_cifarsupervisedsupervised,E2E (ResNet 18),52.452222222222225
70,spring-tree-44,33s545au,0.1,0.9,0.999,160,10.0,False,CIFAR10,-1,0.9,False,/n/coxfs01/ybansal/rep-gen/results,ce,momentum,128,/n/coxfs01/ybansal/settings/ML-theory-b1e9f085f023.json,0.0005,64.0,False,"[60, 120, 160]",at_epoch,wideresnet_pic_myinit,False,0.2,True,0.25,0,/n/coxfs01/ybansal/settings/wandb_api_key.txt,gen-sup-sss,-1.0,-1,-1,-1.0,-1.0,supervised,-1.0,-1.0,-1.0,47852.45698571205,0.0012461869995296002,100.0,0.0,75.316,128,1602090737.9911444,1.236684479522705,68.77,31.230000000000004,0.20960614793467838,75.316,1.0,68.77,-1.0,gen-sup-sss,supervised,supervised,wideresnet_pic_myinitsupervisedsupervised,E2E (Wide ResNet),52.445
89,fresh-puddle-24,2uqqpwcu,0.05,0.9,0.999,160,10.0,False,CIFAR10,-1,0.9,False,/n/coxfs01/ybansal/rep-gen/results,ce,momentum,128,/n/coxfs01/ybansal/settings/ML-theory-b1e9f085f023.json,0.0001,64.0,False,"[80, 120]",at_epoch,mCNN_k_bn_cifar10,False,0.1,True,0.25,0,/n/coxfs01/ybansal/settings/wandb_api_key.txt,gen-sup-sss,-1.0,-1,-1,-1.0,-1.0,supervised,-1.0,-1.0,-1.0,6185.026471614838,0.0016198871144652367,100.0,0.0,74.752,160,1602036924.912737,1.3941652097702026,66.13,33.870000000000005,0.25456155890168286,74.752,1.0,66.13,-1.0,gen-sup-sss,supervised,supervised,mCNN_k_bn_cifar10supervisedsupervised,E2E (mCNN),50.53833333333333
42,cool-dragon-74,1lt6x6bq,0.0002,0.8,0.999,500,-1.0,-1,CIFAR10,-1,-1.0,False,/n/coxfs01/ybansal/rep-gen/results,ce,adam,512,/n/coxfs01/ybansal/settings/ML-theory-b1e9f085f023.json,0.0,-1.0,True,0,const,-1,False,-1.0,True,0.25,0,/n/coxfs01/ybansal/settings/wandb_api_key.txt,gen-sup-sss,-1.0,linear,False,-1.0,-1.0,/n/coxfs01/ybansal/rep-gen/results/plb_cifar10/amdim/amdim_encoder/plb-cifar-archs_3cvk9daf/amdim_ind_-3,-1.0,-1.0,-1.0,3093.4643607139587,1.2270891416549683,67.97999999999999,84.42865128164178,88.25,500,1602119685.88121,0.6761851264953613,84.76,-16.780000000000015,0.22900262467191576,3.821348718358223,0.043301401907741906,0.3313487183582282,0.08720120779822099,gen-sup-sss,amdim/amdim_encoder/3cvk9daf/amdim_ind_-3,SSS,-1amdim/amdim_encoder/3cvk9daf/amdim_ind_-3SSS,SSS (AMDIM),63.99333333333334
41,spring-smoke-76,1uw5mzsk,0.0002,0.8,0.999,500,-1.0,-1,CIFAR10,-1,-1.0,False,/n/coxfs01/ybansal/rep-gen/results,ce,adam,512,/n/coxfs01/ybansal/settings/ML-theory-b1e9f085f023.json,0.0,-1.0,True,0,const,-1,False,-1.0,True,0.25,0,/n/coxfs01/ybansal/settings/wandb_api_key.txt,gen-sup-sss,-1.0,linear,False,-1.0,-1.0,/n/coxfs01/ybansal/rep-gen/results/plb_cifar10/mocov2/resnet50/plb-cifar-archs_2nvuati6/,-1.0,-1.0,-1.0,3227.964976787567,1.4427448104858398,56.66,67.94201520912547,72.63199999999999,500,1602119824.647462,1.0666371459960935,68.34,-11.680000000000007,0.13556538218572292,4.689984790874519,0.0645718800373736,0.3979847908745313,0.10412509356955756,gen-sup-sss,mocov2/resnet50/2nvuati6/,SSS,-1mocov2/resnet50/2nvuati6/SSS,SSS (Moco/ResNet50),52.13444444444445
44,serene-disco-72,3mvz3u3k,0.0002,0.8,0.999,500,-1.0,-1,CIFAR10,-1,-1.0,False,/n/coxfs01/ybansal/rep-gen/results,ce,adam,512,/n/coxfs01/ybansal/settings/ML-theory-b1e9f085f023.json,0.0,-1.0,True,0,const,-1,False,-1.0,True,0.25,0,/n/coxfs01/ybansal/settings/wandb_api_key.txt,gen-sup-sss,-1.0,linear,False,-1.0,-1.0,/n/coxfs01/ybansal/pretrain-rep/CIFAR-10/simclr-archs-pretraining/resnet50_234rl8rq,-1.0,-1.0,-1.0,3338.490686416626,1.1189348355484008,70.824,92.1584284915755,93.584,500,1602119928.1862388,0.5413095413208008,91.23,-20.406000000000006,0.2684150513112885,1.4255715084244969,0.015233068776975731,-0.9284284915755023,0.09515176537859692,gen-sup-sss,CIFAR-10/simclr-archs-pretraining/resnet50_234rl8rq,SSS,-1CIFAR-10/simclr-archs-pretraining/resnet50_234rl8rqSSS,SSS (SIMCLR/ResNet50),68.6661111111111
108,exalted-frog-5,3tg9ywtb,0.05,0.9,0.999,160,10.0,False,CIFAR10,-1,0.9,False,/n/coxfs01/ybansal/rep-gen/results,ce,momentum,128,/n/coxfs01/ybansal/settings/ML-theory-b1e9f085f023.json,0.0001,64.0,False,"[80, 120]",at_epoch,resnet18k_cifar,False,0.1,True,0.3,0,/n/coxfs01/ybansal/settings/wandb_api_key.txt,gen-sup-sss,-1.0,-1,-1,-1.0,-1.0,supervised,-1.0,-1.0,-1.0,10529.276724100111,0.0002543516055122018,100.0,0.0,70.114,160,1602030702.947045,1.849427452468872,64.9,35.099999999999994,0.14854700854700853,70.114,1.0,64.9,-1.0,gen-sup-sss,supervised,supervised,resnet18k_cifarsupervisedsupervised,E2E (ResNet 18),46.60000000000001
69,expert-water-45,fiv6zeug,0.1,0.9,0.999,160,10.0,False,CIFAR10,-1,0.9,False,/n/coxfs01/ybansal/rep-gen/results,ce,momentum,128,/n/coxfs01/ybansal/settings/ML-theory-b1e9f085f023.json,0.0005,64.0,False,"[60, 120, 160]",at_epoch,wideresnet_pic_myinit,False,0.2,True,0.3,0,/n/coxfs01/ybansal/settings/wandb_api_key.txt,gen-sup-sss,-1.0,-1,-1,-1.0,-1.0,supervised,-1.0,-1.0,-1.0,47889.83539009094,0.0012397177173942328,100.0,0.0,70.098,135,1602091680.13169,1.3995177743911744,63.080000000000005,36.919999999999995,0.19008667388949063,70.098,1.0,63.080000000000005,-1.0,gen-sup-sss,supervised,supervised,wideresnet_pic_myinitsupervisedsupervised,E2E (Wide ResNet),45.38666666666668
88,bright-snowball-26,1vrli5ex,0.05,0.9,0.999,160,10.0,False,CIFAR10,-1,0.9,False,/n/coxfs01/ybansal/rep-gen/results,ce,momentum,128,/n/coxfs01/ybansal/settings/ML-theory-b1e9f085f023.json,0.0001,64.0,False,"[80, 120]",at_epoch,mCNN_k_bn_cifar10,False,0.1,True,0.3,0,/n/coxfs01/ybansal/settings/wandb_api_key.txt,gen-sup-sss,-1.0,-1,-1,-1.0,-1.0,supervised,-1.0,-1.0,-1.0,6305.666864395142,0.0009299602101929486,100.0,0.0,70.004,160,1602037541.5755408,1.321130574798584,65.01,34.989999999999995,0.14272649328379539,70.004,1.0,65.01,-1.0,gen-sup-sss,supervised,supervised,mCNN_k_bn_cifar10supervisedsupervised,E2E (mCNN),46.673333333333346
39,happy-snow-77,1y67qutv,0.0002,0.8,0.999,500,-1.0,-1,CIFAR10,-1,-1.0,False,/n/coxfs01/ybansal/rep-gen/results,ce,adam,512,/n/coxfs01/ybansal/settings/ML-theory-b1e9f085f023.json,0.0,-1.0,True,0,const,-1,False,-1.0,True,0.3,0,/n/coxfs01/ybansal/settings/wandb_api_key.txt,gen-sup-sss,-1.0,linear,False,-1.0,-1.0,/n/coxfs01/ybansal/rep-gen/results/plb_cifar10/amdim/amdim_encoder/plb-cifar-archs_3cvk9daf/amdim_ind_-3,-1.0,-1.0,-1.0,3285.175062894821,1.3545309911346437,63.517999999999994,83.34786984233479,87.336,500,1602119897.513023,0.7463859053611756,83.95,-20.43200000000001,0.2109657320872272,3.9881301576652106,0.04566421816507753,0.6021301576652149,0.08392096967928815,gen-sup-sss,amdim/amdim_encoder/3cvk9daf/amdim_ind_-3,SSS,-1amdim/amdim_encoder/3cvk9daf/amdim_ind_-3SSS,SSS (AMDIM),59.30000000000001
38,worthy-firebrand-79,1mdaa3bo,0.0002,0.8,0.999,500,-1.0,-1,CIFAR10,-1,-1.0,False,/n/coxfs01/ybansal/rep-gen/results,ce,adam,512,/n/coxfs01/ybansal/settings/ML-theory-b1e9f085f023.json,0.0,-1.0,True,0,const,-1,False,-1.0,True,0.3,0,/n/coxfs01/ybansal/settings/wandb_api_key.txt,gen-sup-sss,-1.0,linear,False,-1.0,-1.0,/n/coxfs01/ybansal/rep-gen/results/plb_cifar10/mocov2/resnet50/plb-cifar-archs_2nvuati6/,-1.0,-1.0,-1.0,3491.460183620453,1.536891532936096,53.352,67.15950715950716,71.968,500,1602122757.7897851,1.1192495790481567,68.34,-14.988000000000007,0.11459254579911562,4.808492840492846,0.06681431803708379,1.180492840492846,0.08223958559411226,gen-sup-sss,mocov2/resnet50/2nvuati6/,SSS,-1mocov2/resnet50/2nvuati6/SSS,SSS (Moco/ResNet50),48.893333333333345
40,stellar-firebrand-75,334o30f6,0.0002,0.8,0.999,500,-1.0,-1,CIFAR10,-1,-1.0,False,/n/coxfs01/ybansal/rep-gen/results,ce,adam,512,/n/coxfs01/ybansal/settings/ML-theory-b1e9f085f023.json,0.0,-1.0,True,0,const,-1,False,-1.0,True,0.3,0,/n/coxfs01/ybansal/settings/wandb_api_key.txt,gen-sup-sss,-1.0,linear,False,-1.0,-1.0,/n/coxfs01/ybansal/pretrain-rep/CIFAR-10/simclr-archs-pretraining/resnet50_234rl8rq,-1.0,-1.0,-1.0,3239.438334465027,1.2530802761077882,66.47,91.67943508094064,93.512,500,1602119836.1207943,0.6131243980407715,91.35,-24.879999999999995,0.24994219653179245,1.8325649190593651,0.019597109665704562,-0.329435080940641,0.07610016760610887,gen-sup-sss,CIFAR-10/simclr-archs-pretraining/resnet50_234rl8rq,SSS,-1CIFAR-10/simclr-archs-pretraining/resnet50_234rl8rqSSS,SSS (SIMCLR/ResNet50),64.23333333333333
106,prime-glade-8,1i7l5u4d,0.05,0.9,0.999,160,10.0,False,CIFAR10,-1,0.9,False,/n/coxfs01/ybansal/rep-gen/results,ce,momentum,128,/n/coxfs01/ybansal/settings/ML-theory-b1e9f085f023.json,0.0001,64.0,False,"[80, 120]",at_epoch,resnet18k_cifar,False,0.1,True,0.35,0,/n/coxfs01/ybansal/settings/wandb_api_key.txt,gen-sup-sss,-1.0,-1,-1,-1.0,-1.0,supervised,-1.0,-1.0,-1.0,10518.73181796074,0.00027781770039349795,100.0,0.0,65.08800000000001,160,1602030704.0587938,2.1613347492218016,60.099999999999994,39.900000000000006,0.12501253132832113,65.08800000000001,1.0,60.099999999999994,-1.0,gen-sup-sss,supervised,supervised,resnet18k_cifarsupervisedsupervised,E2E (ResNet 18),40.61666666666666
68,easy-grass-46,xryy1092,0.1,0.9,0.999,160,10.0,False,CIFAR10,-1,0.9,False,/n/coxfs01/ybansal/rep-gen/results,ce,momentum,128,/n/coxfs01/ybansal/settings/ML-theory-b1e9f085f023.json,0.0005,64.0,False,"[60, 120, 160]",at_epoch,wideresnet_pic_myinit,False,0.2,True,0.35,0,/n/coxfs01/ybansal/settings/wandb_api_key.txt,gen-sup-sss,-1.0,-1,-1,-1.0,-1.0,supervised,-1.0,-1.0,-1.0,47776.49227118492,0.0012457839673757551,100.0,0.0,65.204,130,1602091951.782349,1.6587620290756226,58.55,41.45,0.160530759951749,65.204,1.0,58.55,-1.0,gen-sup-sss,supervised,supervised,wideresnet_pic_myinitsupervisedsupervised,E2E (Wide ResNet),39.669444444444444
87,confused-snowflake-27,55sxtyq4,0.05,0.9,0.999,160,10.0,False,CIFAR10,-1,0.9,False,/n/coxfs01/ybansal/rep-gen/results,ce,momentum,128,/n/coxfs01/ybansal/settings/ML-theory-b1e9f085f023.json,0.0001,64.0,False,"[80, 120]",at_epoch,mCNN_k_bn_cifar10,False,0.1,True,0.35,0,/n/coxfs01/ybansal/settings/wandb_api_key.txt,gen-sup-sss,-1.0,-1,-1,-1.0,-1.0,supervised,-1.0,-1.0,-1.0,7071.923906803131,0.0009217154346778989,100.0,0.0,65.046,160,1602038572.3441036,1.7898217260360718,58.17,41.83,0.1643796318431749,65.046,1.0,58.17,-1.0,gen-sup-sss,supervised,supervised,mCNN_k_bn_cifar10supervisedsupervised,E2E (mCNN),39.437222222222225
36,toasty-vortex-80,2kwo1gj1,0.0002,0.8,0.999,500,-1.0,-1,CIFAR10,-1,-1.0,False,/n/coxfs01/ybansal/rep-gen/results,ce,adam,512,/n/coxfs01/ybansal/settings/ML-theory-b1e9f085f023.json,0.0,-1.0,True,0,const,-1,False,-1.0,True,0.35,0,/n/coxfs01/ybansal/settings/wandb_api_key.txt,gen-sup-sss,-1.0,linear,False,-1.0,-1.0,/n/coxfs01/ybansal/rep-gen/results/plb_cifar10/amdim/amdim_encoder/plb-cifar-archs_3cvk9daf/amdim_ind_-3,-1.0,-1.0,-1.0,3275.2996909618378,1.4840406802368165,58.692,82.7453899896919,86.258,500,1602122541.6293464,0.8170209008216858,84.43,-25.738000000000007,0.11740526653821384,3.5126100103080944,0.040722136037330964,1.6846100103081056,0.08030125304061664,gen-sup-sss,amdim/amdim_encoder/3cvk9daf/amdim_ind_-3,SSS,-1amdim/amdim_encoder/3cvk9daf/amdim_ind_-3SSS,SSS (AMDIM),55.48500000000001
35,ethereal-jazz-81,2w95fgkg,0.0002,0.8,0.999,500,-1.0,-1,CIFAR10,-1,-1.0,False,/n/coxfs01/ybansal/rep-gen/results,ce,adam,512,/n/coxfs01/ybansal/settings/ML-theory-b1e9f085f023.json,0.0,-1.0,True,0,const,-1,False,-1.0,True,0.35,0,/n/coxfs01/ybansal/settings/wandb_api_key.txt,gen-sup-sss,-1.0,linear,False,-1.0,-1.0,/n/coxfs01/ybansal/rep-gen/results/plb_cifar10/mocov2/resnet50/plb-cifar-archs_2nvuati6/,-1.0,-1.0,-1.0,3265.628374099731,1.629456346244812,49.908,65.72082379862701,70.948,500,1602122564.673104,1.1846208251953123,67.60000000000001,-17.692000000000007,0.10333333333333289,5.227176201372984,0.07367616002386233,1.8791762013729993,0.06997824305980466,gen-sup-sss,mocov2/resnet50/2nvuati6/,SSS,-1mocov2/resnet50/2nvuati6/SSS,SSS (Moco/ResNet50),45.2
37,misunderstood-leaf-78,25uwmg0h,0.0002,0.8,0.999,500,-1.0,-1,CIFAR10,-1,-1.0,False,/n/coxfs01/ybansal/rep-gen/results,ce,adam,512,/n/coxfs01/ybansal/settings/ML-theory-b1e9f085f023.json,0.0,-1.0,True,0,const,-1,False,-1.0,True,0.35,0,/n/coxfs01/ybansal/settings/wandb_api_key.txt,gen-sup-sss,-1.0,linear,False,-1.0,-1.0,/n/coxfs01/ybansal/pretrain-rep/CIFAR-10/simclr-archs-pretraining/resnet50_234rl8rq,-1.0,-1.0,-1.0,3546.1472606658936,1.3845618586349486,61.78399999999999,91.25229147571036,93.126,500,1602122812.4767478,0.6890361567497253,90.51,-28.726000000000013,0.2756585879873552,1.8737085242896399,0.02012014393713506,-0.7422914757103598,0.0779668590839482,gen-sup-sss,CIFAR-10/simclr-archs-pretraining/resnet50_234rl8rq,SSS,-1CIFAR-10/simclr-archs-pretraining/resnet50_234rl8rqSSS,SSS (SIMCLR/ResNet50),59.20055555555556
105,sweet-water-9,jv0rbca6,0.05,0.9,0.999,160,10.0,False,CIFAR10,-1,0.9,False,/n/coxfs01/ybansal/rep-gen/results,ce,momentum,128,/n/coxfs01/ybansal/settings/ML-theory-b1e9f085f023.json,0.0001,64.0,False,"[80, 120]",at_epoch,resnet18k_cifar,False,0.1,True,0.4,0,/n/coxfs01/ybansal/settings/wandb_api_key.txt,gen-sup-sss,-1.0,-1,-1,-1.0,-1.0,supervised,-1.0,-1.0,-1.0,11279.925201654434,0.00027400061428546906,100.0,0.0,60.156,160,1602031467.888352,2.484348639678955,55.120000000000005,44.879999999999995,0.1122103386809268,60.156,1.0,55.120000000000005,-1.0,gen-sup-sss,supervised,supervised,resnet18k_cifarsupervisedsupervised,E2E (ResNet 18),35.06666666666667
67,breezy-plasma-47,3luwyyc5,0.1,0.9,0.999,160,10.0,False,CIFAR10,-1,0.9,False,/n/coxfs01/ybansal/rep-gen/results,ce,momentum,128,/n/coxfs01/ybansal/settings/ML-theory-b1e9f085f023.json,0.0005,64.0,False,"[60, 120, 160]",at_epoch,wideresnet_pic_myinit,False,0.2,True,0.4,0,/n/coxfs01/ybansal/settings/wandb_api_key.txt,gen-sup-sss,-1.0,-1,-1,-1.0,-1.0,supervised,-1.0,-1.0,-1.0,47665.68411207199,0.001664083794504404,100.0,0.0,60.038,125,1602092491.1267817,1.935104132080078,53.25,46.75,0.1451978609625668,60.038,1.0,53.25,-1.0,gen-sup-sss,supervised,supervised,wideresnet_pic_myinitsupervisedsupervised,E2E (Wide ResNet),34.02777777777778
86,crimson-snowflake-28,1lylppsh,0.05,0.9,0.999,160,10.0,False,CIFAR10,-1,0.9,False,/n/coxfs01/ybansal/rep-gen/results,ce,momentum,128,/n/coxfs01/ybansal/settings/ML-theory-b1e9f085f023.json,0.0001,64.0,False,"[80, 120]",at_epoch,mCNN_k_bn_cifar10,False,0.1,True,0.4,0,/n/coxfs01/ybansal/settings/wandb_api_key.txt,gen-sup-sss,-1.0,-1,-1,-1.0,-1.0,supervised,-1.0,-1.0,-1.0,6611.730244636536,0.0022534254586696625,100.0,0.0,60.162000000000006,160,1602042227.5463097,2.151967463684082,51.77,48.23,0.1739995853203401,60.162000000000006,1.0,51.77,-1.0,gen-sup-sss,supervised,supervised,mCNN_k_bn_cifar10supervisedsupervised,E2E (mCNN),33.205555555555556
33,warm-durian-83,2jpz24r6,0.0002,0.8,0.999,500,-1.0,-1,CIFAR10,-1,-1.0,False,/n/coxfs01/ybansal/rep-gen/results,ce,adam,512,/n/coxfs01/ybansal/settings/ML-theory-b1e9f085f023.json,0.0,-1.0,True,0,const,-1,False,-1.0,True,0.4,0,/n/coxfs01/ybansal/settings/wandb_api_key.txt,gen-sup-sss,-1.0,linear,False,-1.0,-1.0,/n/coxfs01/ybansal/rep-gen/results/plb_cifar10/amdim/amdim_encoder/plb-cifar-archs_3cvk9daf/amdim_ind_-3,-1.0,-1.0,-1.0,3040.0830483436584,1.6035622265625,53.879999999999995,81.22664540879877,85.08200000000001,500,1602122420.2676308,0.9089166679382324,83.17,-29.290000000000006,0.11360665478312575,3.855354591201234,0.04531339873535217,1.9433545912012278,0.06734330212268544,gen-sup-sss,amdim/amdim_encoder/3cvk9daf/amdim_ind_-3,SSS,-1amdim/amdim_encoder/3cvk9daf/amdim_ind_-3SSS,SSS (AMDIM),50.65
32,azure-dawn-84,3huis0j2,0.0002,0.8,0.999,500,-1.0,-1,CIFAR10,-1,-1.0,False,/n/coxfs01/ybansal/rep-gen/results,ce,adam,512,/n/coxfs01/ybansal/settings/ML-theory-b1e9f085f023.json,0.0,-1.0,True,0,const,-1,False,-1.0,True,0.4,0,/n/coxfs01/ybansal/settings/wandb_api_key.txt,gen-sup-sss,-1.0,linear,False,-1.0,-1.0,/n/coxfs01/ybansal/rep-gen/results/plb_cifar10/mocov2/resnet50/plb-cifar-archs_2nvuati6/,-1.0,-1.0,-1.0,3633.627655506134,1.7146532778549195,46.483999999999995,65.08887557419612,70.148,500,1602123137.3899777,1.242017656326294,67.10000000000001,-20.616000000000014,0.0926443768996957,5.059124425803873,0.0721207222701128,2.011124425803885,0.06047901418881684,gen-sup-sss,mocov2/resnet50/2nvuati6/,SSS,-1mocov2/resnet50/2nvuati6/SSS,SSS (Moco/ResNet50),41.72222222222223
34,exalted-mountain-82,16ufe3ny,0.0002,0.8,0.999,500,-1.0,-1,CIFAR10,-1,-1.0,False,/n/coxfs01/ybansal/rep-gen/results,ce,adam,512,/n/coxfs01/ybansal/settings/ML-theory-b1e9f085f023.json,0.0,-1.0,True,0,const,-1,False,-1.0,True,0.4,0,/n/coxfs01/ybansal/settings/wandb_api_key.txt,gen-sup-sss,-1.0,linear,False,-1.0,-1.0,/n/coxfs01/ybansal/pretrain-rep/CIFAR-10/simclr-archs-pretraining/resnet50_234rl8rq,-1.0,-1.0,-1.0,3505.910300016403,1.5100309964752197,56.936,91.50731439412851,93.0,500,1602122833.2934585,0.77302515707016,90.32,-33.38399999999999,0.2768595041322319,1.4926856058714861,0.016050382858833184,-1.1873143941285207,0.058705411378446926,gen-sup-sss,CIFAR-10/simclr-archs-pretraining/resnet50_234rl8rq,SSS,-1CIFAR-10/simclr-archs-pretraining/resnet50_234rl8rqSSS,SSS (SIMCLR/ResNet50),54.62222222222222
104,pious-glade-10,ip07t335,0.05,0.9,0.999,160,10.0,False,CIFAR10,-1,0.9,False,/n/coxfs01/ybansal/rep-gen/results,ce,momentum,128,/n/coxfs01/ybansal/settings/ML-theory-b1e9f085f023.json,0.0001,64.0,False,"[80, 120]",at_epoch,resnet18k_cifar,False,0.1,True,0.45,0,/n/coxfs01/ybansal/settings/wandb_api_key.txt,gen-sup-sss,-1.0,-1,-1,-1.0,-1.0,supervised,-1.0,-1.0,-1.0,10991.641258955002,0.0002831311189569533,100.0,0.0,55.3,160,1602031199.8277504,2.927003448486328,48.67,51.33,0.12916423144360015,55.3,1.0,48.67,-1.0,gen-sup-sss,supervised,supervised,resnet18k_cifarsupervisedsupervised,E2E (ResNet 18),29.335
66,serene-energy-48,3owg5k8f,0.1,0.9,0.999,160,10.0,False,CIFAR10,-1,0.9,False,/n/coxfs01/ybansal/rep-gen/results,ce,momentum,128,/n/coxfs01/ybansal/settings/ML-theory-b1e9f085f023.json,0.0005,64.0,False,"[60, 120, 160]",at_epoch,wideresnet_pic_myinit,False,0.2,True,0.45,0,/n/coxfs01/ybansal/settings/wandb_api_key.txt,gen-sup-sss,-1.0,-1,-1,-1.0,-1.0,supervised,-1.0,-1.0,-1.0,47711.135065078735,0.0021975517661124468,99.994,0.0,55.236,124,1602092860.645445,2.267786271858215,47.510000000000005,52.483999999999995,0.1471899409411315,55.236,1.0,47.510000000000005,-1.0,gen-sup-sss,supervised,supervised,wideresnet_pic_myinitsupervisedsupervised,E2E (Wide ResNet),28.755000000000003
85,prime-flower-29,mf9fm43x,0.05,0.9,0.999,160,10.0,False,CIFAR10,-1,0.9,False,/n/coxfs01/ybansal/rep-gen/results,ce,momentum,128,/n/coxfs01/ybansal/settings/ML-theory-b1e9f085f023.json,0.0001,64.0,False,"[80, 120]",at_epoch,mCNN_k_bn_cifar10,False,0.1,True,0.45,0,/n/coxfs01/ybansal/settings/wandb_api_key.txt,gen-sup-sss,-1.0,-1,-1,-1.0,-1.0,supervised,-1.0,-1.0,-1.0,6770.1063442230225,0.0005567305353097618,100.0,0.0,54.904,160,1602042849.306813,1.8914701107025147,49.38,50.62,0.10912682734097197,54.904,1.0,49.38,-1.0,gen-sup-sss,supervised,supervised,mCNN_k_bn_cifar10supervisedsupervised,E2E (mCNN),29.69
30,worthy-rain-86,275wxxgi,0.0002,0.8,0.999,500,-1.0,-1,CIFAR10,-1,-1.0,False,/n/coxfs01/ybansal/rep-gen/results,ce,adam,512,/n/coxfs01/ybansal/settings/ML-theory-b1e9f085f023.json,0.0,-1.0,True,0,const,-1,False,-1.0,True,0.45,0,/n/coxfs01/ybansal/settings/wandb_api_key.txt,gen-sup-sss,-1.0,linear,False,-1.0,-1.0,/n/coxfs01/ybansal/rep-gen/results/plb_cifar10/amdim/amdim_encoder/plb-cifar-archs_3cvk9daf/amdim_ind_-3,-1.0,-1.0,-1.0,3111.2069108486176,1.712950673675537,49.036,79.39029246493517,83.192,500,1602122821.0078833,0.99595574798584,81.89999999999999,-32.86399999999999,0.07138121546961332,3.8017075350648213,0.04569799421897324,2.5097075350648197,0.055528846718599686,gen-sup-sss,amdim/amdim_encoder/3cvk9daf/amdim_ind_-3,SSS,-1amdim/amdim_encoder/3cvk9daf/amdim_ind_-3SSS,SSS (AMDIM),45.949999999999996
29,frosty-wind-87,ae4ylvwp,0.0002,0.8,0.999,500,-1.0,-1,CIFAR10,-1,-1.0,False,/n/coxfs01/ybansal/rep-gen/results,ce,adam,512,/n/coxfs01/ybansal/settings/ML-theory-b1e9f085f023.json,0.0,-1.0,True,0,const,-1,False,-1.0,True,0.45,0,/n/coxfs01/ybansal/settings/wandb_api_key.txt,gen-sup-sss,-1.0,linear,False,-1.0,-1.0,/n/coxfs01/ybansal/rep-gen/results/plb_cifar10/mocov2/resnet50/plb-cifar-archs_2nvuati6/,-1.0,-1.0,-1.0,3663.598606586456,1.7965429893875122,42.768,63.92681956781121,68.65400000000001,500,1602123385.336629,1.3090012294769289,65.79,-23.022000000000006,0.0837182110494009,4.727180432188803,0.06885513491113121,1.8631804321887984,0.06294155766468822,gen-sup-sss,mocov2/resnet50/2nvuati6/,SSS,-1mocov2/resnet50/2nvuati6/SSS,SSS (Moco/ResNet50),37.895
31,rose-sky-85,3348d94c,0.0002,0.8,0.999,500,-1.0,-1,CIFAR10,-1,-1.0,False,/n/coxfs01/ybansal/rep-gen/results,ce,adam,512,/n/coxfs01/ybansal/settings/ML-theory-b1e9f085f023.json,0.0,-1.0,True,0,const,-1,False,-1.0,True,0.45,0,/n/coxfs01/ybansal/settings/wandb_api_key.txt,gen-sup-sss,-1.0,linear,False,-1.0,-1.0,/n/coxfs01/ybansal/pretrain-rep/CIFAR-10/simclr-archs-pretraining/resnet50_234rl8rq,-1.0,-1.0,-1.0,3517.367555141449,1.6251065822219848,52.064,90.9090909090909,92.444,500,1602123188.3715386,0.8625083106994629,89.67,-37.606,0.26853823814133604,1.534909090909096,0.016603663741390422,-1.2390909090909048,0.051540403570264993,gen-sup-sss,CIFAR-10/simclr-archs-pretraining/resnet50_234rl8rq,SSS,-1CIFAR-10/simclr-archs-pretraining/resnet50_234rl8rqSSS,SSS (SIMCLR/ResNet50),49.835
103,misunderstood-surf-13,20wg71u9,0.05,0.9,0.999,160,10.0,False,CIFAR10,-1,0.9,False,/n/coxfs01/ybansal/rep-gen/results,ce,momentum,128,/n/coxfs01/ybansal/settings/ML-theory-b1e9f085f023.json,0.0001,64.0,False,"[80, 120]",at_epoch,resnet18k_cifar,False,0.1,True,0.5,0,/n/coxfs01/ybansal/settings/wandb_api_key.txt,gen-sup-sss,-1.0,-1,-1,-1.0,-1.0,supervised,-1.0,-1.0,-1.0,9144.472431898115,0.00028408527201041577,100.0,0.0,49.822,160,1602029375.158952,3.2727654804229735,44.09,55.91,0.10252191021284206,49.822,1.0,44.09,-1.0,gen-sup-sss,supervised,supervised,resnet18k_cifarsupervisedsupervised,E2E (ResNet 18),25.151111111111113
65,spring-plasma-49,2zzoxeb5,0.1,0.9,0.999,160,10.0,False,CIFAR10,-1,0.9,False,/n/coxfs01/ybansal/rep-gen/results,ce,momentum,128,/n/coxfs01/ybansal/settings/ML-theory-b1e9f085f023.json,0.0005,64.0,False,"[60, 120, 160]",at_epoch,wideresnet_pic_myinit,False,0.2,True,0.5,0,/n/coxfs01/ybansal/settings/wandb_api_key.txt,gen-sup-sss,-1.0,-1,-1,-1.0,-1.0,supervised,-1.0,-1.0,-1.0,32977.015441417694,0.0015085631703957915,100.0,0.0,49.86,160,1602079084.3118086,2.250295923233032,42.28,57.72,0.13132363132363128,49.86,1.0,42.28,-1.0,gen-sup-sss,supervised,supervised,wideresnet_pic_myinitsupervisedsupervised,E2E (Wide ResNet),24.346666666666664
84,pretty-surf-30,30x6j13y,0.05,0.9,0.999,160,10.0,False,CIFAR10,-1,0.9,False,/n/coxfs01/ybansal/rep-gen/results,ce,momentum,128,/n/coxfs01/ybansal/settings/ML-theory-b1e9f085f023.json,0.0001,64.0,False,"[80, 120]",at_epoch,mCNN_k_bn_cifar10,False,0.1,True,0.5,0,/n/coxfs01/ybansal/settings/wandb_api_key.txt,gen-sup-sss,-1.0,-1,-1,-1.0,-1.0,supervised,-1.0,-1.0,-1.0,6438.132249116898,0.0009729029597342014,100.0,0.0,49.594,160,1602042682.998587,3.011085933303833,39.47,60.53,0.16725590616223363,49.594,1.0,39.47,-1.0,gen-sup-sss,supervised,supervised,mCNN_k_bn_cifar10supervisedsupervised,E2E (mCNN),23.09777777777778
27,smooth-pyramid-89,2jjhatmc,0.0002,0.8,0.999,500,-1.0,-1,CIFAR10,-1,-1.0,False,/n/coxfs01/ybansal/rep-gen/results,ce,adam,512,/n/coxfs01/ybansal/settings/ML-theory-b1e9f085f023.json,0.0,-1.0,True,0,const,-1,False,-1.0,True,0.5,0,/n/coxfs01/ybansal/settings/wandb_api_key.txt,gen-sup-sss,-1.0,linear,False,-1.0,-1.0,/n/coxfs01/ybansal/rep-gen/results/plb_cifar10/amdim/amdim_encoder/plb-cifar-archs_3cvk9daf/amdim_ind_-3,-1.0,-1.0,-1.0,3158.679986476898,1.7996074436950684,45.032,78.41992997142512,81.918,500,1602122893.6085937,1.080202732849121,80.56,-35.528000000000006,0.06985596707818952,3.4980700285748867,0.04270209268506173,2.1400700285748826,0.0460382996692353,gen-sup-sss,amdim/amdim_encoder/3cvk9daf/amdim_ind_-3,SSS,-1amdim/amdim_encoder/3cvk9daf/amdim_ind_-3SSS,SSS (AMDIM),41.36
26,golden-wave-90,vracn8ba,0.0002,0.8,0.999,500,-1.0,-1,CIFAR10,-1,-1.0,False,/n/coxfs01/ybansal/rep-gen/results,ce,adam,512,/n/coxfs01/ybansal/settings/ML-theory-b1e9f085f023.json,0.0,-1.0,True,0,const,-1,False,-1.0,True,0.5,0,/n/coxfs01/ybansal/settings/wandb_api_key.txt,gen-sup-sss,-1.0,linear,False,-1.0,-1.0,/n/coxfs01/ybansal/rep-gen/results/plb_cifar10/mocov2/resnet50/plb-cifar-archs_2nvuati6/,-1.0,-1.0,-1.0,3404.65199303627,1.8625170693969728,39.248,62.695046811234704,67.158,500,1602123144.6294148,1.3763629787445069,64.41,-25.162,0.07721270019668458,4.462953188765297,0.06645452796041122,1.7149531887652927,0.04866010194012073,gen-sup-sss,mocov2/resnet50/2nvuati6/,SSS,-1mocov2/resnet50/2nvuati6/SSS,SSS (Moco/ResNet50),34.18222222222222
28,cosmic-vortex-88,1ay8mkr7,0.0002,0.8,0.999,500,-1.0,-1,CIFAR10,-1,-1.0,False,/n/coxfs01/ybansal/rep-gen/results,ce,adam,512,/n/coxfs01/ybansal/settings/ML-theory-b1e9f085f023.json,0.0,-1.0,True,0,const,-1,False,-1.0,True,0.5,0,/n/coxfs01/ybansal/settings/wandb_api_key.txt,gen-sup-sss,-1.0,linear,False,-1.0,-1.0,/n/coxfs01/ybansal/pretrain-rep/CIFAR-10/simclr-archs-pretraining/resnet50_234rl8rq,-1.0,-1.0,-1.0,3509.074354171753,1.7276653297042848,47.416,89.94071067605745,91.61,500,1602123239.6716597,0.9547437900543212,89.34,-41.92400000000001,0.2129455909943712,1.6692893239425501,0.01822169330796365,-0.6007106760574459,0.05127269107920844,gen-sup-sss,CIFAR-10/simclr-archs-pretraining/resnet50_234rl8rq,SSS,-1CIFAR-10/simclr-archs-pretraining/resnet50_234rl8rqSSS,SSS (SIMCLR/ResNet50),45.26222222222222
102,grateful-snow-12,2xzzn8sh,0.05,0.9,0.999,160,10.0,False,CIFAR10,-1,0.9,False,/n/coxfs01/ybansal/rep-gen/results,ce,momentum,128,/n/coxfs01/ybansal/settings/ML-theory-b1e9f085f023.json,0.0001,64.0,False,"[80, 120]",at_epoch,resnet18k_cifar,False,0.1,True,0.55,0,/n/coxfs01/ybansal/settings/wandb_api_key.txt,gen-sup-sss,-1.0,-1,-1,-1.0,-1.0,supervised,-1.0,-1.0,-1.0,9135.759901762009,0.00028332466489635407,100.0,0.0,45.488,160,1602029366.4465082,3.587439310836792,39.57,60.43,0.09793149098130066,45.488,1.0,39.57,-1.0,gen-sup-sss,supervised,supervised,resnet18k_cifarsupervisedsupervised,E2E (ResNet 18),21.499444444444443
64,cosmic-frog-50,1ycjlnby,0.1,0.9,0.999,160,10.0,False,CIFAR10,-1,0.9,False,/n/coxfs01/ybansal/rep-gen/results,ce,momentum,128,/n/coxfs01/ybansal/settings/ML-theory-b1e9f085f023.json,0.0005,64.0,False,"[60, 120, 160]",at_epoch,wideresnet_pic_myinit,False,0.2,True,0.55,0,/n/coxfs01/ybansal/settings/wandb_api_key.txt,gen-sup-sss,-1.0,-1,-1,-1.0,-1.0,supervised,-1.0,-1.0,-1.0,33050.98725938797,0.0012494916458427906,100.0,0.0,44.642,160,1602079867.5777988,2.502605871963501,36.919999999999995,63.080000000000005,0.12241597970830703,44.642,1.0,36.919999999999995,-1.0,gen-sup-sss,supervised,supervised,wideresnet_pic_myinitsupervisedsupervised,E2E (Wide ResNet),20.468888888888884
83,misunderstood-spaceship-31,b25594du,0.05,0.9,0.999,160,10.0,False,CIFAR10,-1,0.9,False,/n/coxfs01/ybansal/rep-gen/results,ce,momentum,128,/n/coxfs01/ybansal/settings/ML-theory-b1e9f085f023.json,0.0001,64.0,False,"[80, 120]",at_epoch,mCNN_k_bn_cifar10,False,0.1,True,0.55,0,/n/coxfs01/ybansal/settings/wandb_api_key.txt,gen-sup-sss,-1.0,-1,-1,-1.0,-1.0,supervised,-1.0,-1.0,-1.0,7341.90661239624,0.0006067096581496298,100.0,0.0,44.954,160,1602043751.2583857,2.3139005832672117,40.849999999999994,59.150000000000006,0.06938292476754025,44.954,1.0,40.849999999999994,-1.0,gen-sup-sss,supervised,supervised,mCNN_k_bn_cifar10supervisedsupervised,E2E (mCNN),21.99722222222222
23,decent-frost-92,3akvdlr7,0.0002,0.8,0.999,500,-1.0,-1,CIFAR10,-1,-1.0,False,/n/coxfs01/ybansal/rep-gen/results,ce,adam,512,/n/coxfs01/ybansal/settings/ML-theory-b1e9f085f023.json,0.0,-1.0,True,0,const,-1,False,-1.0,True,0.55,0,/n/coxfs01/ybansal/settings/wandb_api_key.txt,gen-sup-sss,-1.0,linear,False,-1.0,-1.0,/n/coxfs01/ybansal/rep-gen/results/plb_cifar10/amdim/amdim_encoder/plb-cifar-archs_3cvk9daf/amdim_ind_-3,-1.0,-1.0,-1.0,3149.561829805374,1.8914739391326905,40.352,75.81791802684077,79.194,500,1602123014.499297,1.1715698816299438,80.22,-39.868,-0.051870576339736914,3.3760819731592306,0.04263052722629531,4.402081973159227,0.04538998476846335,gen-sup-sss,amdim/amdim_encoder/3cvk9daf/amdim_ind_-3,SSS,-1amdim/amdim_encoder/3cvk9daf/amdim_ind_-3SSS,SSS (AMDIM),37.30777777777777
24,solar-dream-93,2k8nk4jk,0.0002,0.8,0.999,500,-1.0,-1,CIFAR10,-1,-1.0,False,/n/coxfs01/ybansal/rep-gen/results,ce,adam,512,/n/coxfs01/ybansal/settings/ML-theory-b1e9f085f023.json,0.0,-1.0,True,0,const,-1,False,-1.0,True,0.55,0,/n/coxfs01/ybansal/settings/wandb_api_key.txt,gen-sup-sss,-1.0,linear,False,-1.0,-1.0,/n/coxfs01/ybansal/rep-gen/results/plb_cifar10/mocov2/resnet50/plb-cifar-archs_2nvuati6/,-1.0,-1.0,-1.0,3447.6870288848877,1.9265143700790408,36.742,61.38184490995957,66.244,500,1602123312.6245182,1.4562592582702636,62.46000000000001,-25.71800000000001,0.10079914757591882,4.862155090040432,0.07339766756295561,1.0781550900404397,0.04748016709403951,gen-sup-sss,mocov2/resnet50/2nvuati6/,SSS,-1mocov2/resnet50/2nvuati6/SSS,SSS (Moco/ResNet50),30.40111111111111
25,dry-dew-91,5tic68vi,0.0002,0.8,0.999,500,-1.0,-1,CIFAR10,-1,-1.0,False,/n/coxfs01/ybansal/rep-gen/results,ce,adam,512,/n/coxfs01/ybansal/settings/ML-theory-b1e9f085f023.json,0.0,-1.0,True,0,const,-1,False,-1.0,True,0.55,0,/n/coxfs01/ybansal/settings/wandb_api_key.txt,gen-sup-sss,-1.0,linear,False,-1.0,-1.0,/n/coxfs01/ybansal/pretrain-rep/CIFAR-10/simclr-archs-pretraining/resnet50_234rl8rq,-1.0,-1.0,-1.0,3659.8502016067505,1.81681120136261,42.864,88.900967496467,90.646,500,1602123435.4629457,1.056476885986328,87.87,-45.00600000000001,0.228854080791426,1.7450325035329968,0.019251070135836074,-1.0309674964669995,0.04597956659537067,gen-sup-sss,CIFAR-10/simclr-archs-pretraining/resnet50_234rl8rq,SSS,-1CIFAR-10/simclr-archs-pretraining/resnet50_234rl8rqSSS,SSS (SIMCLR/ResNet50),40.28277777777778
101,smooth-bird-11,nha9s5va,0.05,0.9,0.999,160,10.0,False,CIFAR10,-1,0.9,False,/n/coxfs01/ybansal/rep-gen/results,ce,momentum,128,/n/coxfs01/ybansal/settings/ML-theory-b1e9f085f023.json,0.0001,64.0,False,"[80, 120]",at_epoch,resnet18k_cifar,False,0.1,True,0.6,0,/n/coxfs01/ybansal/settings/wandb_api_key.txt,gen-sup-sss,-1.0,-1,-1,-1.0,-1.0,supervised,-1.0,-1.0,-1.0,9265.27190375328,0.0003002450091112405,100.0,0.0,40.108,160,1602029495.9583716,4.199523442459107,32.99,67.00999999999999,0.10622295179823901,40.108,1.0,32.99,-1.0,gen-sup-sss,supervised,supervised,resnet18k_cifarsupervisedsupervised,E2E (ResNet 18),17.663333333333334
63,apricot-dream-51,2ygsj5gx,0.1,0.9,0.999,160,10.0,False,CIFAR10,-1,0.9,False,/n/coxfs01/ybansal/rep-gen/results,ce,momentum,128,/n/coxfs01/ybansal/settings/ML-theory-b1e9f085f023.json,0.0005,64.0,False,"[60, 120, 160]",at_epoch,wideresnet_pic_myinit,False,0.2,True,0.6,0,/n/coxfs01/ybansal/settings/wandb_api_key.txt,gen-sup-sss,-1.0,-1,-1,-1.0,-1.0,supervised,-1.0,-1.0,-1.0,33728.47083902359,0.0012828754697740078,100.0,0.0,40.2,160,1602080729.9707568,2.7464286052703857,31.6,68.4,0.1257309941520468,40.2,1.0,31.6,-1.0,gen-sup-sss,supervised,supervised,wideresnet_pic_myinitsupervisedsupervised,E2E (Wide ResNet),17.200000000000003
82,eternal-moon-32,1znd2atp,0.05,0.9,0.999,160,10.0,False,CIFAR10,-1,0.9,False,/n/coxfs01/ybansal/rep-gen/results,ce,momentum,128,/n/coxfs01/ybansal/settings/ML-theory-b1e9f085f023.json,0.0001,64.0,False,"[80, 120]",at_epoch,mCNN_k_bn_cifar10,False,0.1,True,0.6,0,/n/coxfs01/ybansal/settings/wandb_api_key.txt,gen-sup-sss,-1.0,-1,-1,-1.0,-1.0,supervised,-1.0,-1.0,-1.0,7178.3648500442505,0.0006103614662960171,100.0,0.0,39.982,160,1602044141.2282262,2.594139764022827,34.63,65.37,0.0818724185406149,39.982,1.0,34.63,-1.0,gen-sup-sss,supervised,supervised,mCNN_k_bn_cifar10supervisedsupervised,E2E (mCNN),18.21
21,dry-breeze-95,7dfcrl97,0.0002,0.8,0.999,500,-1.0,-1,CIFAR10,-1,-1.0,False,/n/coxfs01/ybansal/rep-gen/results,ce,adam,512,/n/coxfs01/ybansal/settings/ML-theory-b1e9f085f023.json,0.0,-1.0,True,0,const,-1,False,-1.0,True,0.6,0,/n/coxfs01/ybansal/settings/wandb_api_key.txt,gen-sup-sss,-1.0,linear,False,-1.0,-1.0,/n/coxfs01/ybansal/rep-gen/results/plb_cifar10/amdim/amdim_encoder/plb-cifar-archs_3cvk9daf/amdim_ind_-3,-1.0,-1.0,-1.0,3340.091360807419,1.9732272909545896,35.49,72.20604777344009,75.312,500,1602123286.417498,1.295978212738037,77.47,-41.98,-0.09578339991122953,3.105952226559907,0.0412411332398543,5.263952226559908,0.03934606670292529,gen-sup-sss,amdim/amdim_encoder/3cvk9daf/amdim_ind_-3,SSS,-1amdim/amdim_encoder/3cvk9daf/amdim_ind_-3SSS,SSS (AMDIM),32.49
20,dulcet-bush-96,152bho2m,0.0002,0.8,0.999,500,-1.0,-1,CIFAR10,-1,-1.0,False,/n/coxfs01/ybansal/rep-gen/results,ce,adam,512,/n/coxfs01/ybansal/settings/ML-theory-b1e9f085f023.json,0.0,-1.0,True,0,const,-1,False,-1.0,True,0.6,0,/n/coxfs01/ybansal/settings/wandb_api_key.txt,gen-sup-sss,-1.0,linear,False,-1.0,-1.0,/n/coxfs01/ybansal/rep-gen/results/plb_cifar10/mocov2/resnet50/plb-cifar-archs_2nvuati6/,-1.0,-1.0,-1.0,4021.1309466362,1.982437607536316,33.106,58.80634110297574,63.108,500,1602124018.8385682,1.5290872358322145,60.870000000000005,-27.764000000000003,0.057193968821875614,4.301658897024254,0.0681634483270624,2.0636588970242613,0.04335223868718477,gen-sup-sss,mocov2/resnet50/2nvuati6/,SSS,-1mocov2/resnet50/2nvuati6/SSS,SSS (Moco/ResNet50),26.95666666666667
22,misty-microwave-94,1tsw0rgd,0.0002,0.8,0.999,500,-1.0,-1,CIFAR10,-1,-1.0,False,/n/coxfs01/ybansal/rep-gen/results,ce,adam,512,/n/coxfs01/ybansal/settings/ML-theory-b1e9f085f023.json,0.0,-1.0,True,0,const,-1,False,-1.0,True,0.6,0,/n/coxfs01/ybansal/settings/wandb_api_key.txt,gen-sup-sss,-1.0,linear,False,-1.0,-1.0,/n/coxfs01/ybansal/pretrain-rep/CIFAR-10/simclr-archs-pretraining/resnet50_234rl8rq,-1.0,-1.0,-1.0,4038.8908410072327,1.901739276504517,38.5,87.9572612588623,89.654,500,1602123974.948741,1.1631736127853394,87.31,-48.81,0.18471237194641407,1.6967387411376933,0.01892541036805601,-0.6472612588623008,0.039671900889412776,gen-sup-sss,CIFAR-10/simclr-archs-pretraining/resnet50_234rl8rq,SSS,-1CIFAR-10/simclr-archs-pretraining/resnet50_234rl8rqSSS,SSS (SIMCLR/ResNet50),35.77
99,cosmic-butterfly-14,2elfn8xs,0.05,0.9,0.999,160,10.0,False,CIFAR10,-1,0.9,False,/n/coxfs01/ybansal/rep-gen/results,ce,momentum,128,/n/coxfs01/ybansal/settings/ML-theory-b1e9f085f023.json,0.0001,64.0,False,"[80, 120]",at_epoch,resnet18k_cifar,False,0.1,True,0.65,0,/n/coxfs01/ybansal/settings/wandb_api_key.txt,gen-sup-sss,-1.0,-1,-1,-1.0,-1.0,supervised,-1.0,-1.0,-1.0,9496.662436962128,0.00030262000513263046,100.0,0.0,35.014,160,1602038913.474545,4.921906295394898,26.340000000000003,73.66,0.1177572631007331,35.014,1.0,26.340000000000003,-1.0,gen-sup-sss,supervised,supervised,resnet18k_cifarsupervisedsupervised,E2E (ResNet 18),14.538888888888891
62,polished-grass-52,16sd8al9,0.1,0.9,0.999,160,10.0,False,CIFAR10,-1,0.9,False,/n/coxfs01/ybansal/rep-gen/results,ce,momentum,128,/n/coxfs01/ybansal/settings/ML-theory-b1e9f085f023.json,0.0005,64.0,False,"[60, 120, 160]",at_epoch,wideresnet_pic_myinit,False,0.2,True,0.65,0,/n/coxfs01/ybansal/settings/wandb_api_key.txt,gen-sup-sss,-1.0,-1,-1,-1.0,-1.0,supervised,-1.0,-1.0,-1.0,47662.223032951355,0.14171504400730134,95.378,1.2428889438535742,34.726,113,1602094740.609779,3.866573406600952,23.51,71.868,0.14663354686887173,33.48311105614643,0.964208692511272,22.267111056146426,-1.0,gen-sup-sss,supervised,supervised,wideresnet_pic_myinitsupervisedsupervised,E2E (Wide ResNet),13.752777777777778
81,neat-lion-33,2mognucx,0.05,0.9,0.999,160,10.0,False,CIFAR10,-1,0.9,False,/n/coxfs01/ybansal/rep-gen/results,ce,momentum,128,/n/coxfs01/ybansal/settings/ML-theory-b1e9f085f023.json,0.0001,64.0,False,"[80, 120]",at_epoch,mCNN_k_bn_cifar10,False,0.1,True,0.65,0,/n/coxfs01/ybansal/settings/wandb_api_key.txt,gen-sup-sss,-1.0,-1,-1,-1.0,-1.0,supervised,-1.0,-1.0,-1.0,7734.939564466476,0.0006463778988644481,100.0,0.0,34.954,160,1602044793.708995,2.8569657402038575,31.05,68.95,0.05662073966642494,34.954,1.0,31.05,-1.0,gen-sup-sss,supervised,supervised,mCNN_k_bn_cifar10supervisedsupervised,E2E (mCNN),15.847222222222221
18,cerulean-rain-98,14k1yesi,0.0002,0.8,0.999,500,-1.0,-1,CIFAR10,-1,-1.0,False,/n/coxfs01/ybansal/rep-gen/results,ce,adam,512,/n/coxfs01/ybansal/settings/ML-theory-b1e9f085f023.json,0.0,-1.0,True,0,const,-1,False,-1.0,True,0.65,0,/n/coxfs01/ybansal/settings/wandb_api_key.txt,gen-sup-sss,-1.0,linear,False,-1.0,-1.0,/n/coxfs01/ybansal/rep-gen/results/plb_cifar10/amdim/amdim_encoder/plb-cifar-archs_3cvk9daf/amdim_ind_-3,-1.0,-1.0,-1.0,3246.7592990398407,2.0326219580078124,31.866,67.22637389673093,71.198,500,1602125706.0468132,1.403581272315979,74.26,-42.394000000000005,-0.11895881895881945,3.9716261032690596,0.05578283242884716,7.0336261032690715,0.04439066552932814,gen-sup-sss,amdim/amdim_encoder/3cvk9daf/amdim_ind_-3,SSS,-1amdim/amdim_encoder/3cvk9daf/amdim_ind_-3SSS,SSS (AMDIM),27.85
17,frosty-planet-99,3picp5qb,0.0002,0.8,0.999,500,-1.0,-1,CIFAR10,-1,-1.0,False,/n/coxfs01/ybansal/rep-gen/results,ce,adam,512,/n/coxfs01/ybansal/settings/ML-theory-b1e9f085f023.json,0.0,-1.0,True,0,const,-1,False,-1.0,True,0.65,0,/n/coxfs01/ybansal/settings/wandb_api_key.txt,gen-sup-sss,-1.0,linear,False,-1.0,-1.0,/n/coxfs01/ybansal/rep-gen/results/plb_cifar10/mocov2/resnet50/plb-cifar-archs_2nvuati6/,-1.0,-1.0,-1.0,3609.854445695877,2.0418194216156005,29.566,55.01350853493798,59.656,500,1602126212.2853568,1.6495297065734864,56.98,-27.413999999999998,0.062203626220362664,4.642491465062015,0.07782103166591818,1.9664914650620133,0.03835332840316617,gen-sup-sss,mocov2/resnet50/2nvuati6/,SSS,-1mocov2/resnet50/2nvuati6/SSS,SSS (Moco/ResNet50),23.05
19,magic-smoke-97,gjdfbuh3,0.0002,0.8,0.999,500,-1.0,-1,CIFAR10,-1,-1.0,False,/n/coxfs01/ybansal/rep-gen/results,ce,adam,512,/n/coxfs01/ybansal/settings/ML-theory-b1e9f085f023.json,0.0,-1.0,True,0,const,-1,False,-1.0,True,0.65,0,/n/coxfs01/ybansal/settings/wandb_api_key.txt,gen-sup-sss,-1.0,linear,False,-1.0,-1.0,/n/coxfs01/ybansal/pretrain-rep/CIFAR-10/simclr-archs-pretraining/resnet50_234rl8rq,-1.0,-1.0,-1.0,4113.496822118759,1.97829340675354,33.93,84.54453658088798,86.80600000000001,500,1602124361.462287,1.2972061756134032,83.76,-49.830000000000005,0.18756157635468027,2.261463419112033,0.026051925202313583,-0.7845365808879734,0.03807733248346217,gen-sup-sss,CIFAR-10/simclr-archs-pretraining/resnet50_234rl8rq,SSS,-1CIFAR-10/simclr-archs-pretraining/resnet50_234rl8rqSSS,SSS (SIMCLR/ResNet50),30.48888888888889
100,divine-galaxy-14,1jtyy6mb,0.05,0.9,0.999,160,10.0,False,CIFAR10,-1,0.9,False,/n/coxfs01/ybansal/rep-gen/results,ce,momentum,128,/n/coxfs01/ybansal/settings/ML-theory-b1e9f085f023.json,0.0001,64.0,False,"[80, 120]",at_epoch,resnet18k_cifar,False,0.1,True,0.7,0,/n/coxfs01/ybansal/settings/wandb_api_key.txt,gen-sup-sss,-1.0,-1,-1,-1.0,-1.0,supervised,-1.0,-1.0,-1.0,9670.41965007782,0.00030577284468337896,100.0,0.0,30.203999999999997,160,1602039087.2317948,5.30906605682373,22.7,77.3,0.0970763260025873,30.203999999999997,1.0,22.7,-1.0,gen-sup-sss,supervised,supervised,resnet18k_cifarsupervisedsupervised,E2E (ResNet 18),12.822222222222225
61,stilted-firefly-54,27hp6rn6,0.1,0.9,0.999,160,10.0,False,CIFAR10,-1,0.9,False,/n/coxfs01/ybansal/rep-gen/results,ce,momentum,128,/n/coxfs01/ybansal/settings/ML-theory-b1e9f085f023.json,0.0005,64.0,False,"[60, 120, 160]",at_epoch,wideresnet_pic_myinit,False,0.2,True,0.7,0,/n/coxfs01/ybansal/settings/wandb_api_key.txt,gen-sup-sss,-1.0,-1,-1,-1.0,-1.0,supervised,-1.0,-1.0,-1.0,47825.27040719986,0.11319162505865098,96.358,2.1187653896810397,29.774,117,1602112214.4020214,4.8719669006347655,19.16,77.19800000000001,0.13129638792676893,27.65523461031896,0.9288384029797461,17.04123461031896,-1.0,gen-sup-sss,supervised,supervised,wideresnet_pic_myinitsupervisedsupervised,E2E (Wide ResNet),12.035555555555558
80,balmy-spaceship-34,2s6ycti4,0.05,0.9,0.999,160,10.0,False,CIFAR10,-1,0.9,False,/n/coxfs01/ybansal/rep-gen/results,ce,momentum,128,/n/coxfs01/ybansal/settings/ML-theory-b1e9f085f023.json,0.0001,64.0,False,"[80, 120]",at_epoch,mCNN_k_bn_cifar10,False,0.1,True,0.7,0,/n/coxfs01/ybansal/settings/wandb_api_key.txt,gen-sup-sss,-1.0,-1,-1,-1.0,-1.0,supervised,-1.0,-1.0,-1.0,7511.343116760254,0.0007034025393798947,100.0,0.0,30.192000000000004,160,1602045112.612855,3.224854351425171,25.51,74.49,0.06285407437239901,30.192000000000004,1.0,25.51,-1.0,gen-sup-sss,supervised,supervised,mCNN_k_bn_cifar10supervisedsupervised,E2E (mCNN),13.446666666666669
15,fancy-dust-101,1twldrcv,0.0002,0.8,0.999,500,-1.0,-1,CIFAR10,-1,-1.0,False,/n/coxfs01/ybansal/rep-gen/results,ce,adam,512,/n/coxfs01/ybansal/settings/ML-theory-b1e9f085f023.json,0.0,-1.0,True,0,const,-1,False,-1.0,True,0.7,0,/n/coxfs01/ybansal/settings/wandb_api_key.txt,gen-sup-sss,-1.0,linear,False,-1.0,-1.0,/n/coxfs01/ybansal/rep-gen/results/plb_cifar10/amdim/amdim_encoder/plb-cifar-archs_3cvk9daf/amdim_ind_-3,-1.0,-1.0,-1.0,3337.924740076065,2.087737384033203,28.174,59.62871075370006,64.168,500,1602126270.122337,1.5361476333618165,68.41000000000001,-40.23600000000001,-0.1342830009496678,4.539289246299944,0.07074070013558072,8.781289246299949,0.04124690178799835,gen-sup-sss,amdim/amdim_encoder/3cvk9daf/amdim_ind_-3,SSS,-1amdim/amdim_encoder/3cvk9daf/amdim_ind_-3SSS,SSS (AMDIM),22.980000000000008
14,vibrant-surf-102,39v0ilpx,0.0002,0.8,0.999,500,-1.0,-1,CIFAR10,-1,-1.0,False,/n/coxfs01/ybansal/rep-gen/results,ce,adam,512,/n/coxfs01/ybansal/settings/ML-theory-b1e9f085f023.json,0.0,-1.0,True,0,const,-1,False,-1.0,True,0.7,0,/n/coxfs01/ybansal/settings/wandb_api_key.txt,gen-sup-sss,-1.0,linear,False,-1.0,-1.0,/n/coxfs01/ybansal/rep-gen/results/plb_cifar10/mocov2/resnet50/plb-cifar-archs_2nvuati6/,-1.0,-1.0,-1.0,3914.758044242859,2.0794252031707763,27.298,49.506700883946394,53.92400000000001,500,1602127092.203885,1.7534221467971802,51.09,-23.792000000000005,0.057943160907789885,4.417299116053613,0.08191712625275596,1.5832991160536096,0.03887433704219246,gen-sup-sss,mocov2/resnet50/2nvuati6/,SSS,-1mocov2/resnet50/2nvuati6/SSS,SSS (Moco/ResNet50),19.131111111111117
16,driven-moon-100,3t3wze24,0.0002,0.8,0.999,500,-1.0,-1,CIFAR10,-1,-1.0,False,/n/coxfs01/ybansal/rep-gen/results,ce,adam,512,/n/coxfs01/ybansal/settings/ML-theory-b1e9f085f023.json,0.0,-1.0,True,0,const,-1,False,-1.0,True,0.7,0,/n/coxfs01/ybansal/settings/wandb_api_key.txt,gen-sup-sss,-1.0,linear,False,-1.0,-1.0,/n/coxfs01/ybansal/pretrain-rep/CIFAR-10/simclr-archs-pretraining/resnet50_234rl8rq,-1.0,-1.0,-1.0,3707.6924510002136,2.038213342285156,29.752,79.91119713098423,82.328,500,1602126568.129482,1.4432882690429687,79.56,-49.80800000000001,0.13542074363992176,2.4168028690157684,0.029355782589347103,-0.35119713098423233,0.03777550046136538,gen-sup-sss,CIFAR-10/simclr-archs-pretraining/resnet50_234rl8rq,SSS,-1CIFAR-10/simclr-archs-pretraining/resnet50_234rl8rqSSS,SSS (SIMCLR/ResNet50),25.457777777777785
98,fancy-tree-16,2bpwx4rc,0.05,0.9,0.999,160,10.0,False,CIFAR10,-1,0.9,False,/n/coxfs01/ybansal/rep-gen/results,ce,momentum,128,/n/coxfs01/ybansal/settings/ML-theory-b1e9f085f023.json,0.0001,64.0,False,"[80, 120]",at_epoch,resnet18k_cifar,False,0.1,True,0.75,0,/n/coxfs01/ybansal/settings/wandb_api_key.txt,gen-sup-sss,-1.0,-1,-1,-1.0,-1.0,supervised,-1.0,-1.0,-1.0,11952.88302898407,0.00030602468142285945,100.0,0.0,24.972,160,1602041411.648897,5.843993209838867,18.49,81.51,0.07952398478714272,24.972,1.0,18.49,-1.0,gen-sup-sss,supervised,supervised,resnet18k_cifarsupervisedsupervised,E2E (ResNet 18),11.415000000000003
59,eternal-dragon-53,aspu6qip,0.1,0.9,0.999,160,10.0,False,CIFAR10,-1,0.9,False,/n/coxfs01/ybansal/rep-gen/results,ce,momentum,128,/n/coxfs01/ybansal/settings/ML-theory-b1e9f085f023.json,0.0005,64.0,False,"[60, 120, 160]",at_epoch,wideresnet_pic_myinit,False,0.2,True,0.75,0,/n/coxfs01/ybansal/settings/wandb_api_key.txt,gen-sup-sss,-1.0,-1,-1,-1.0,-1.0,supervised,-1.0,-1.0,-1.0,47863.239735126495,0.1396618121910095,95.426,1.915301127899553,24.446,113,1602112252.3712626,4.815018016052246,17.45,77.976,0.0847486371895821,22.530698872100448,0.9216517578377014,15.534698872100446,-1.0,gen-sup-sss,supervised,supervised,wideresnet_pic_myinitsupervisedsupervised,E2E (Wide ResNet),11.241666666666669
79,breezy-jazz-35,1e24mysv,0.05,0.9,0.999,160,10.0,False,CIFAR10,-1,0.9,False,/n/coxfs01/ybansal/rep-gen/results,ce,momentum,128,/n/coxfs01/ybansal/settings/ML-theory-b1e9f085f023.json,0.0001,64.0,False,"[80, 120]",at_epoch,mCNN_k_bn_cifar10,False,0.1,True,0.75,0,/n/coxfs01/ybansal/settings/wandb_api_key.txt,gen-sup-sss,-1.0,-1,-1,-1.0,-1.0,supervised,-1.0,-1.0,-1.0,8422.372262477875,0.0006298659501224757,100.0,0.0,24.932,160,1602047043.3776038,3.5741955810546875,21.21,78.78999999999999,0.04723949739814695,24.932,1.0,21.21,-1.0,gen-sup-sss,supervised,supervised,mCNN_k_bn_cifar10supervisedsupervised,E2E (mCNN),11.868333333333336
12,honest-music-104,1f669r5w,0.0002,0.8,0.999,500,-1.0,-1,CIFAR10,-1,-1.0,False,/n/coxfs01/ybansal/rep-gen/results,ce,adam,512,/n/coxfs01/ybansal/settings/ML-theory-b1e9f085f023.json,0.0,-1.0,True,0,const,-1,False,-1.0,True,0.75,0,/n/coxfs01/ybansal/settings/wandb_api_key.txt,gen-sup-sss,-1.0,linear,False,-1.0,-1.0,/n/coxfs01/ybansal/rep-gen/results/plb_cifar10/amdim/amdim_encoder/plb-cifar-archs_3cvk9daf/amdim_ind_-3,-1.0,-1.0,-1.0,3342.370457649231,2.1309717288208008,24.834,50.35015503047151,54.42399999999999,500,1602126619.1140947,1.6826969484329224,61.1,-36.266000000000005,-0.17161953727506452,4.07384496952848,0.07485383230796121,10.749844969528489,0.03774428053040834,gen-sup-sss,amdim/amdim_encoder/3cvk9daf/amdim_ind_-3,SSS,-1amdim/amdim_encoder/3cvk9daf/amdim_ind_-3SSS,SSS (AMDIM),18.516666666666673
10,grateful-snow-108,1v7q82qa,0.0002,0.8,0.999,500,-1.0,-1,CIFAR10,-1,-1.0,False,/n/coxfs01/ybansal/rep-gen/results,ce,adam,512,/n/coxfs01/ybansal/settings/ML-theory-b1e9f085f023.json,0.0,-1.0,True,0,const,-1,False,-1.0,True,0.75,0,/n/coxfs01/ybansal/settings/wandb_api_key.txt,gen-sup-sss,-1.0,linear,False,-1.0,-1.0,/n/coxfs01/ybansal/rep-gen/results/plb_cifar10/mocov2/resnet50/plb-cifar-archs_2nvuati6/,-1.0,-1.0,-1.0,3891.541715860367,2.113262259597778,24.956,42.81548463040745,47.09,500,1602127170.0146897,1.8575935558319092,45.7,-20.744000000000003,0.025598526703499092,4.274515369592557,0.09077331428312925,2.884515369592556,0.03485138928816794,gen-sup-sss,mocov2/resnet50/2nvuati6/,SSS,-1mocov2/resnet50/2nvuati6/SSS,SSS (Moco/ResNet50),15.950000000000005
13,stellar-thunder-103,33c2g3rp,0.0002,0.8,0.999,500,-1.0,-1,CIFAR10,-1,-1.0,False,/n/coxfs01/ybansal/rep-gen/results,ce,adam,512,/n/coxfs01/ybansal/settings/ML-theory-b1e9f085f023.json,0.0,-1.0,True,0,const,-1,False,-1.0,True,0.75,0,/n/coxfs01/ybansal/settings/wandb_api_key.txt,gen-sup-sss,-1.0,linear,False,-1.0,-1.0,/n/coxfs01/ybansal/pretrain-rep/CIFAR-10/simclr-archs-pretraining/resnet50_234rl8rq,-1.0,-1.0,-1.0,3675.830776453018,2.0848917739105226,26.53,71.59413307638778,74.496,500,1602126860.2791495,1.5912747062683106,71.95,-45.42,0.09076648841354697,2.901866923612218,0.03895332532769837,0.3558669236122256,0.03286555325305531,gen-sup-sss,CIFAR-10/simclr-archs-pretraining/resnet50_234rl8rq,SSS,-1CIFAR-10/simclr-archs-pretraining/resnet50_234rl8rqSSS,SSS (SIMCLR/ResNet50),20.325000000000006
97,magic-lake-17,1oarw071,0.05,0.9,0.999,160,10.0,False,CIFAR10,-1,0.9,False,/n/coxfs01/ybansal/rep-gen/results,ce,momentum,128,/n/coxfs01/ybansal/settings/ML-theory-b1e9f085f023.json,0.0001,64.0,False,"[80, 120]",at_epoch,resnet18k_cifar,False,0.1,True,0.8,0,/n/coxfs01/ybansal/settings/wandb_api_key.txt,gen-sup-sss,-1.0,-1,-1,-1.0,-1.0,supervised,-1.0,-1.0,-1.0,9920.189018011091,0.0003335744368378073,100.0,0.0,20.258000000000003,160,1602039453.330449,6.709830763244629,14.96,85.03999999999999,0.06230009407337726,20.258000000000003,1.0,14.96,-1.0,gen-sup-sss,supervised,supervised,resnet18k_cifarsupervisedsupervised,E2E (ResNet 18),10.55111111111111
60,wild-brook-55,2lb8rkea,0.1,0.9,0.999,160,10.0,False,CIFAR10,-1,0.9,False,/n/coxfs01/ybansal/rep-gen/results,ce,momentum,128,/n/coxfs01/ybansal/settings/ML-theory-b1e9f085f023.json,0.0005,64.0,False,"[60, 120, 160]",at_epoch,wideresnet_pic_myinit,False,0.2,True,0.8,0,/n/coxfs01/ybansal/settings/wandb_api_key.txt,gen-sup-sss,-1.0,-1,-1,-1.0,-1.0,supervised,-1.0,-1.0,-1.0,47901.89923095703,0.14613417520999908,95.188,1.684257803727824,19.596,110,1602112291.030703,6.102138877105713,13.05,82.138,0.07528464634847612,17.911742196272176,0.9140509387769022,11.365742196272176,-1.0,gen-sup-sss,supervised,supervised,wideresnet_pic_myinitsupervisedsupervised,E2E (Wide ResNet),10.338888888888889
78,stilted-disco-36,18860wro,0.05,0.9,0.999,160,10.0,False,CIFAR10,-1,0.9,False,/n/coxfs01/ybansal/rep-gen/results,ce,momentum,128,/n/coxfs01/ybansal/settings/ML-theory-b1e9f085f023.json,0.0001,64.0,False,"[80, 120]",at_epoch,mCNN_k_bn_cifar10,False,0.1,True,0.8,0,/n/coxfs01/ybansal/settings/wandb_api_key.txt,gen-sup-sss,-1.0,-1,-1,-1.0,-1.0,supervised,-1.0,-1.0,-1.0,7116.117377996445,0.001682500507086515,100.0,0.0,19.89,160,1602046066.1913009,4.611104174804687,16.21,83.78999999999999,0.04391932211481084,19.89,1.0,16.21,-1.0,gen-sup-sss,supervised,supervised,mCNN_k_bn_cifar10supervisedsupervised,E2E (mCNN),10.69
6,generous-galaxy-110,wf2hn4fo,0.0002,0.8,0.999,500,-1.0,-1,CIFAR10,-1,-1.0,False,/n/coxfs01/ybansal/rep-gen/results,ce,adam,512,/n/coxfs01/ybansal/settings/ML-theory-b1e9f085f023.json,0.0,-1.0,True,0,const,-1,False,-1.0,True,0.8,0,/n/coxfs01/ybansal/settings/wandb_api_key.txt,gen-sup-sss,-1.0,linear,False,-1.0,-1.0,/n/coxfs01/ybansal/rep-gen/results/plb_cifar10/amdim/amdim_encoder/plb-cifar-archs_3cvk9daf/amdim_ind_-3,-1.0,-1.0,-1.0,3557.4290885925293,2.1712295307159426,21.564,37.69914598212056,40.912,500,1602126835.9019036,1.8677684879302976,47.67,-26.106,-0.12914198356583229,3.2128540178794367,0.07853084713236794,9.97085401787944,0.028875241698282667,gen-sup-sss,amdim/amdim_encoder/3cvk9daf/amdim_ind_-3,SSS,-1amdim/amdim_encoder/3cvk9daf/amdim_ind_-3SSS,SSS (AMDIM),14.185555555555553
7,rare-meadow-105,3vuvus24,0.0002,0.8,0.999,500,-1.0,-1,CIFAR10,-1,-1.0,False,/n/coxfs01/ybansal/rep-gen/results,ce,adam,512,/n/coxfs01/ybansal/settings/ML-theory-b1e9f085f023.json,0.0,-1.0,True,0,const,-1,False,-1.0,True,0.8,0,/n/coxfs01/ybansal/settings/wandb_api_key.txt,gen-sup-sss,-1.0,linear,False,-1.0,-1.0,/n/coxfs01/ybansal/rep-gen/results/plb_cifar10/mocov2/resnet50/plb-cifar-archs_2nvuati6/,-1.0,-1.0,-1.0,3902.680032014847,2.144798718948364,22.756,32.287454445609306,35.646,500,1602127181.1529405,2.00923279838562,34.910000000000004,-12.154000000000003,0.011307420494699601,3.3585455543906946,0.09421942305982985,2.6225455543906975,0.03372651659376081,gen-sup-sss,mocov2/resnet50/2nvuati6/,SSS,-1mocov2/resnet50/2nvuati6/SSS,SSS (Moco/ResNet50),12.767777777777777
8,wild-pond-106,33juf3ck,0.0002,0.8,0.999,500,-1.0,-1,CIFAR10,-1,-1.0,False,/n/coxfs01/ybansal/rep-gen/results,ce,adam,512,/n/coxfs01/ybansal/settings/ML-theory-b1e9f085f023.json,0.0,-1.0,True,0,const,-1,False,-1.0,True,0.8,0,/n/coxfs01/ybansal/settings/wandb_api_key.txt,gen-sup-sss,-1.0,linear,False,-1.0,-1.0,/n/coxfs01/ybansal/pretrain-rep/CIFAR-10/simclr-archs-pretraining/resnet50_234rl8rq,-1.0,-1.0,-1.0,4087.526095867157,2.1268957273101807,23.788,56.045,59.47,500,1602127365.999137,1.7873160478591918,57.23,-33.44199999999999,0.052373158756137524,3.424999999999997,0.0575920632251555,1.1849999999999952,0.02872783295463065,gen-sup-sss,CIFAR-10/simclr-archs-pretraining/resnet50_234rl8rq,SSS,-1CIFAR-10/simclr-archs-pretraining/resnet50_234rl8rqSSS,SSS (SIMCLR/ResNet50),15.247777777777774
96,dry-sun-18,2151ean6,0.05,0.9,0.999,160,10.0,False,CIFAR10,-1,0.9,False,/n/coxfs01/ybansal/rep-gen/results,ce,momentum,128,/n/coxfs01/ybansal/settings/ML-theory-b1e9f085f023.json,0.0001,64.0,False,"[80, 120]",at_epoch,resnet18k_cifar,False,0.1,True,0.85,0,/n/coxfs01/ybansal/settings/wandb_api_key.txt,gen-sup-sss,-1.0,-1,-1,-1.0,-1.0,supervised,-1.0,-1.0,-1.0,12322.87658381462,0.0003439989451691508,100.0,0.0,14.924,160,1602042198.3583937,7.603247010803223,11.54,88.46000000000001,0.03825457834049288,14.924,1.0,11.54,-1.0,gen-sup-sss,supervised,supervised,resnet18k_cifarsupervisedsupervised,E2E (ResNet 18),10.085555555555556
0,soft-paper-115,iokqy6e3,0.05,0.9,0.999,160,10.0,False,CIFAR10,-1,0.9,False,/n/coxfs01/ybansal/rep-gen/results,ce,momentum,128,/n/coxfs01/ybansal/settings/ML-theory-b1e9f085f023.json,0.0005,64.0,False,"[60, 120, 160]",at_epoch,wideresnet_pic_myinit,False,0.2,True,0.85,0,/n/coxfs01/ybansal/settings/wandb_api_key.txt,gen-sup-sss,-1.0,-1,-1,-1.0,-1.0,supervised,-1.0,-1.0,-1.0,47682.88190150261,0.12211722438812256,95.872,0.369073085874139,14.734,103,1602232951.773719,5.854508438110352,11.35,84.522,0.03817258883248731,14.364926914125862,0.9749509239938823,10.980926914125861,-1.0,gen-sup-sss,supervised,supervised,wideresnet_pic_myinitsupervisedsupervised,E2E (Wide ResNet),10.075000000000001
77,gentle-wildflower-37,2ji2b7nk,0.05,0.9,0.999,160,10.0,False,CIFAR10,-1,0.9,False,/n/coxfs01/ybansal/rep-gen/results,ce,momentum,128,/n/coxfs01/ybansal/settings/ML-theory-b1e9f085f023.json,0.0001,64.0,False,"[80, 120]",at_epoch,mCNN_k_bn_cifar10,False,0.1,True,0.85,0,/n/coxfs01/ybansal/settings/wandb_api_key.txt,gen-sup-sss,-1.0,-1,-1,-1.0,-1.0,supervised,-1.0,-1.0,-1.0,7653.239269733429,0.0009613274819031358,100.0,0.0,15.026,160,1602046778.65221,4.55035535621643,13.15,86.85,0.02160046056419113,15.026,1.0,13.15,-1.0,gen-sup-sss,supervised,supervised,mCNN_k_bn_cifar10supervisedsupervised,E2E (mCNN),10.175
11,serene-dream-105,1iszuzq4,0.0002,0.8,0.999,500,-1.0,-1,CIFAR10,-1,-1.0,False,/n/coxfs01/ybansal/rep-gen/results,ce,adam,512,/n/coxfs01/ybansal/settings/ML-theory-b1e9f085f023.json,0.0,-1.0,True,0,const,-1,False,-1.0,True,0.85,0,/n/coxfs01/ybansal/settings/wandb_api_key.txt,gen-sup-sss,-1.0,linear,False,-1.0,-1.0,/n/coxfs01/ybansal/rep-gen/results/plb_cifar10/amdim/amdim_encoder/plb-cifar-archs_3cvk9daf/amdim_ind_-3,-1.0,-1.0,-1.0,3522.5072174072266,2.1935099738311767,19.986,22.286292600263604,24.734,500,1602126800.979129,2.091125779724121,28.27,-8.283999999999999,-0.049295971002369966,2.447707399736398,0.09896124362158963,5.983707399736396,0.031483801779552886,gen-sup-sss,amdim/amdim_encoder/3cvk9daf/amdim_ind_-3,SSS,-1amdim/amdim_encoder/3cvk9daf/amdim_ind_-3SSS,SSS (AMDIM),11.015
5,ethereal-thunder-111,1dt6hod4,0.0002,0.8,0.999,500,-1.0,-1,CIFAR10,-1,-1.0,False,/n/coxfs01/ybansal/rep-gen/results,ce,adam,512,/n/coxfs01/ybansal/settings/ML-theory-b1e9f085f023.json,0.0,-1.0,True,0,const,-1,False,-1.0,True,0.85,0,/n/coxfs01/ybansal/settings/wandb_api_key.txt,gen-sup-sss,-1.0,linear,False,-1.0,-1.0,/n/coxfs01/ybansal/rep-gen/results/plb_cifar10/mocov2/resnet50/plb-cifar-archs_2nvuati6/,-1.0,-1.0,-1.0,4035.830368757248,2.157829726486206,22.142,20.15002586652871,23.028,500,1602127357.173723,2.180153847503662,22.11,0.03200000000000003,0.011785851842341754,2.8779741334712874,0.1249771640381834,1.9599741334712881,0.0267728581394077,gen-sup-sss,mocov2/resnet50/2nvuati6/,SSS,-1mocov2/resnet50/2nvuati6/SSS,SSS (Moco/ResNet50),10.672777777777778
9,devoted-hill-105,219r1fun,0.0002,0.8,0.999,500,-1.0,-1,CIFAR10,-1,-1.0,False,/n/coxfs01/ybansal/rep-gen/results,ce,adam,512,/n/coxfs01/ybansal/settings/ML-theory-b1e9f085f023.json,0.0,-1.0,True,0,const,-1,False,-1.0,True,0.85,0,/n/coxfs01/ybansal/settings/wandb_api_key.txt,gen-sup-sss,-1.0,linear,False,-1.0,-1.0,/n/coxfs01/ybansal/pretrain-rep/CIFAR-10/simclr-archs-pretraining/resnet50_234rl8rq,-1.0,-1.0,-1.0,3961.440223693848,2.156419251251221,22.228,31.38066458152059,34.408,500,1602127239.9130669,2.035168607330322,33.71,-11.482,0.010529491627696492,3.02733541847941,0.08798347531037579,2.3293354184794097,0.028790943403689675,gen-sup-sss,CIFAR-10/simclr-archs-pretraining/resnet50_234rl8rq,SSS,-1CIFAR-10/simclr-archs-pretraining/resnet50_234rl8rqSSS,SSS (SIMCLR/ResNet50),11.317222222222224
95,iconic-energy-19,2vrkl6mc,0.05,0.9,0.999,160,10.0,False,CIFAR10,-1,0.9,False,/n/coxfs01/ybansal/rep-gen/results,ce,momentum,128,/n/coxfs01/ybansal/settings/ML-theory-b1e9f085f023.json,0.0001,64.0,False,"[80, 120]",at_epoch,resnet18k_cifar,False,0.1,True,0.9,0,/n/coxfs01/ybansal/settings/wandb_api_key.txt,gen-sup-sss,-1.0,-1,-1,-1.0,-1.0,supervised,-1.0,-1.0,-1.0,12539.684534549711,0.00036497592283412815,100.0,0.0,9.874,160,1602042458.0917015,8.45447651901245,9.68,90.32,0.002147918511957494,9.874,1.0,9.68,-1.0,gen-sup-sss,supervised,supervised,resnet18k_cifarsupervisedsupervised,E2E (ResNet 18),10.0
1,breezy-water-115,3531cst6,0.05,0.9,0.999,160,10.0,False,CIFAR10,-1,0.9,False,/n/coxfs01/ybansal/rep-gen/results,ce,momentum,128,/n/coxfs01/ybansal/settings/ML-theory-b1e9f085f023.json,0.0005,64.0,False,"[60, 120, 160]",at_epoch,wideresnet_pic_myinit,False,0.2,True,0.9,0,/n/coxfs01/ybansal/settings/wandb_api_key.txt,gen-sup-sss,-1.0,-1,-1,-1.0,-1.0,supervised,-1.0,-1.0,-1.0,47768.962557554245,0.10973417745113372,96.346,0.3457753346927919,9.784,102,1602233037.854374,6.412978621673584,9.86,86.486,-0.0008431329043709644,9.438224665307208,0.9646591031589542,9.514224665307207,-1.0,gen-sup-sss,supervised,supervised,wideresnet_pic_myinitsupervisedsupervised,E2E (Wide ResNet),10.0
76,tough-dragon-38,1705wprv,0.05,0.9,0.999,160,10.0,False,CIFAR10,-1,0.9,False,/n/coxfs01/ybansal/rep-gen/results,ce,momentum,128,/n/coxfs01/ybansal/settings/ML-theory-b1e9f085f023.json,0.0001,64.0,False,"[80, 120]",at_epoch,mCNN_k_bn_cifar10,False,0.1,True,0.9,0,/n/coxfs01/ybansal/settings/wandb_api_key.txt,gen-sup-sss,-1.0,-1,-1,-1.0,-1.0,supervised,-1.0,-1.0,-1.0,7472.434725522995,0.0009302993753924966,100.0,0.0,10.046,160,1602046963.3683782,4.963699206161499,10.77,89.23,-0.00811386305054354,10.046,1.0,10.77,-1.0,gen-sup-sss,supervised,supervised,mCNN_k_bn_cifar10supervisedsupervised,E2E (mCNN),10.0
3,bright-sun-113,1i3roe16,0.0002,0.8,0.999,500,-1.0,-1,CIFAR10,-1,-1.0,False,/n/coxfs01/ybansal/rep-gen/results,ce,adam,512,/n/coxfs01/ybansal/settings/ML-theory-b1e9f085f023.json,0.0,-1.0,True,0,const,-1,False,-1.0,True,0.9,0,/n/coxfs01/ybansal/settings/wandb_api_key.txt,gen-sup-sss,-1.0,linear,False,-1.0,-1.0,/n/coxfs01/ybansal/rep-gen/results/plb_cifar10/amdim/amdim_encoder/plb-cifar-archs_3cvk9daf/amdim_ind_-3,-1.0,-1.0,-1.0,3683.019664049149,2.203043088760376,19.066,8.954493919925305,10.144,500,1602127103.949221,2.371357629013062,10.69,8.376,-0.006113537117903923,1.189506080074695,0.11726203470767893,1.7355060800746944,0.02823611825095808,gen-sup-sss,amdim/amdim_encoder/3cvk9daf/amdim_ind_-3,SSS,-1amdim/amdim_encoder/3cvk9daf/amdim_ind_-3SSS,SSS (AMDIM),10.0
2,chocolate-grass-114,2qptuyqe,0.0002,0.8,0.999,500,-1.0,-1,CIFAR10,-1,-1.0,False,/n/coxfs01/ybansal/rep-gen/results,ce,adam,512,/n/coxfs01/ybansal/settings/ML-theory-b1e9f085f023.json,0.0,-1.0,True,0,const,-1,False,-1.0,True,0.9,0,/n/coxfs01/ybansal/settings/wandb_api_key.txt,gen-sup-sss,-1.0,linear,False,-1.0,-1.0,/n/coxfs01/ybansal/rep-gen/results/plb_cifar10/mocov2/resnet50/plb-cifar-archs_2nvuati6/,-1.0,-1.0,-1.0,4004.19083237648,2.167799885253906,21.61,9.261568609985304,10.86,500,1602127478.1788127,2.3733345504760743,10.31,11.299999999999999,0.006132233247853706,1.5984313900146958,0.1471852108669149,1.0484313900146969,0.0228573753427766,gen-sup-sss,mocov2/resnet50/2nvuati6/,SSS,-1mocov2/resnet50/2nvuati6/SSS,SSS (Moco/ResNet50),10.0
4,robust-sun-112,1x371j1u,0.0002,0.8,0.999,500,-1.0,-1,CIFAR10,-1,-1.0,False,/n/coxfs01/ybansal/rep-gen/results,ce,adam,512,/n/coxfs01/ybansal/settings/ML-theory-b1e9f085f023.json,0.0,-1.0,True,0,const,-1,False,-1.0,True,0.9,0,/n/coxfs01/ybansal/settings/wandb_api_key.txt,gen-sup-sss,-1.0,linear,False,-1.0,-1.0,/n/coxfs01/ybansal/pretrain-rep/CIFAR-10/simclr-archs-pretraining/resnet50_234rl8rq,-1.0,-1.0,-1.0,3904.668263912201,2.170066782684326,21.664,8.981116968038966,10.138,500,1602127255.9397728,2.3617038063049316,10.54,11.124000000000002,-0.0044936284372904004,1.1568830319610335,0.11411353639386797,1.5588830319610327,0.02921721728242732,gen-sup-sss,CIFAR-10/simclr-archs-pretraining/resnet50_234rl8rq,SSS,-1CIFAR-10/simclr-archs-pretraining/resnet50_234rl8rqSSS,SSS (SIMCLR/ResNet50),10.0
